,Year,Suburb,Average Sell Price,Suburb_Code
0,2000,Armstrong Creek,170812.5,1
1,2010,Armstrong Creek,175000.0,1
2,2011,Armstrong Creek,170100.0,1
3,2012,Armstrong Creek,176428.57142857142,1
4,2013,Armstrong Creek,187363.63636363635,1
5,2014,Armstrong Creek,187576.08695652173,1
6,2015,Armstrong Creek,244636.36363636365,1
7,2016,Armstrong Creek,213435.29411764705,1
8,2017,Armstrong Creek,457285.71428571426,1
9,2018,Armstrong Creek,550000.0,1
10,2020,Armstrong Creek,429412.92042297125,1
11,2021,Armstrong Creek,440756.0640991628,1
12,2022,Armstrong Creek,452099.2077753544,1
13,2023,Armstrong Creek,463442.35145154595,1
14,2024,Armstrong Creek,474785.4951277375,1
15,2025,Armstrong Creek,486128.6388039291,1
16,2026,Armstrong Creek,497471.78248012066,1
17,2027,Armstrong Creek,508814.9261563122,1
18,2028,Armstrong Creek,520158.06983250007,1
19,2029,Armstrong Creek,531501.2135086916,1
20,2030,Armstrong Creek,542844.3571848832,1
21,2031,Armstrong Creek,554187.5008610748,1
22,2032,Armstrong Creek,565530.6445372663,1
23,2033,Armstrong Creek,576873.7882134579,1
24,2034,Armstrong Creek,588216.9318896495,1
25,2035,Armstrong Creek,599560.075565841,1
26,2036,Armstrong Creek,610903.2192420326,1
27,2037,Armstrong Creek,622246.3629182242,1
28,2038,Armstrong Creek,633589.5065944158,1
29,2039,Armstrong Creek,644932.6502706073,1
30,2040,Armstrong Creek,656275.7939467989,1
31,2041,Armstrong Creek,667618.9376229905,1
32,2042,Armstrong Creek,678962.0812991783,1
33,2043,Armstrong Creek,690305.2249753699,1
34,2044,Armstrong Creek,701648.3686515614,1
35,2045,Armstrong Creek,712991.512327753,1
36,2046,Armstrong Creek,724334.6560039446,1
37,2047,Armstrong Creek,735677.7996801361,1
38,2048,Armstrong Creek,747020.9433563277,1
39,2049,Armstrong Creek,758364.0870325193,1
40,2050,Armstrong Creek,769707.2307087108,1
41,1986,Bell Park,59000.0,2
42,1987,Bell Park,68000.0,2
43,1988,Bell Park,101000.0,2
44,1989,Bell Park,108250.0,2
45,1991,Bell Park,74000.0,2
46,1992,Bell Park,60500.0,2
47,1994,Bell Park,121500.0,2
48,1995,Bell Park,62000.0,2
49,1997,Bell Park,65000.0,2
50,1998,Bell Park,103750.0,2
51,1999,Bell Park,101500.0,2
52,2000,Bell Park,179666.66666666666,2
53,2001,Bell Park,122250.0,2
54,2002,Bell Park,84224.6,2
55,2003,Bell Park,181400.0,2
56,2004,Bell Park,178000.0,2
57,2005,Bell Park,190937.5,2
58,2006,Bell Park,214200.0,2
59,2007,Bell Park,252477.77777777778,2
60,2008,Bell Park,222853.57142857142,2
61,2009,Bell Park,244666.66666666666,2
62,2010,Bell Park,298400.0,2
63,2011,Bell Park,271222.22222222225,2
64,2012,Bell Park,274696.2727272727,2
65,2013,Bell Park,298437.5,2
66,2014,Bell Park,314894.2,2
67,2015,Bell Park,344192.3076923077,2
68,2016,Bell Park,363541.6666666667,2
69,2017,Bell Park,347045.45454545453,2
70,2018,Bell Park,381875.0,2
71,2020,Bell Park,428962.2859887853,2
72,2021,Bell Park,440305.4296649769,2
73,2022,Bell Park,451648.57334116846,2
74,2023,Bell Park,462991.71701736003,2
75,2024,Bell Park,474334.8606935516,2
76,2025,Bell Park,485678.00436974317,2
77,2026,Bell Park,497021.14804593474,2
78,2027,Bell Park,508364.2917221263,2
79,2028,Bell Park,519707.43539831415,2
80,2029,Bell Park,531050.5790745057,2
81,2030,Bell Park,542393.7227506973,2
82,2031,Bell Park,553736.8664268889,2
83,2032,Bell Park,565080.0101030804,2
84,2033,Bell Park,576423.153779272,2
85,2034,Bell Park,587766.2974554636,2
86,2035,Bell Park,599109.4411316551,2
87,2036,Bell Park,610452.5848078467,2
88,2037,Bell Park,621795.7284840383,2
89,2038,Bell Park,633138.8721602298,2
90,2039,Bell Park,644482.0158364214,2
91,2040,Bell Park,655825.159512613,2
92,2041,Bell Park,667168.3031888045,2
93,2042,Bell Park,678511.4468649924,2
94,2043,Bell Park,689854.590541184,2
95,2044,Bell Park,701197.7342173755,2
96,2045,Bell Park,712540.8778935671,2
97,2046,Bell Park,723884.0215697587,2
98,2047,Bell Park,735227.1652459502,2
99,2048,Bell Park,746570.3089221418,2
100,2049,Bell Park,757913.4525983334,2
101,2050,Bell Park,769256.5962745249,2
102,1981,Bell Post Hill,63250.0,3
103,1984,Bell Post Hill,82500.0,3
104,1985,Bell Post Hill,110250.0,3
105,1986,Bell Post Hill,66833.33333333333,3
106,1987,Bell Post Hill,99000.0,3
107,1988,Bell Post Hill,73166.66666666667,3
108,1989,Bell Post Hill,115000.0,3
109,1991,Bell Post Hill,72000.0,3
110,1992,Bell Post Hill,80000.0,3
111,1993,Bell Post Hill,100750.0,3
112,1994,Bell Post Hill,70666.66666666667,3
113,1995,Bell Post Hill,62000.0,3
114,1997,Bell Post Hill,101000.0,3
115,1998,Bell Post Hill,119100.0,3
116,1999,Bell Post Hill,75250.0,3
117,2000,Bell Post Hill,100600.0,3
118,2001,Bell Post Hill,138571.42857142858,3
119,2002,Bell Post Hill,168583.33333333334,3
120,2003,Bell Post Hill,199600.0,3
121,2004,Bell Post Hill,247400.0,3
122,2005,Bell Post Hill,225388.88888888888,3
123,2006,Bell Post Hill,288000.0,3
124,2007,Bell Post Hill,249568.18181818182,3
125,2008,Bell Post Hill,283508.1818181818,3
126,2009,Bell Post Hill,294080.0,3
127,2010,Bell Post Hill,291333.3333333333,3
128,2011,Bell Post Hill,319333.3333333333,3
129,2012,Bell Post Hill,304299.0,3
130,2013,Bell Post Hill,313277.77777777775,3
131,2014,Bell Post Hill,330710.0,3
132,2015,Bell Post Hill,367125.0,3
133,2016,Bell Post Hill,348537.5,3
134,2017,Bell Post Hill,402100.0,3
135,2018,Bell Post Hill,485000.0,3
136,2020,Bell Post Hill,428511.6515545957,3
137,2021,Bell Post Hill,439854.79523078725,3
138,2022,Bell Post Hill,451197.9389069788,3
139,2023,Bell Post Hill,462541.0825831704,3
140,2024,Bell Post Hill,473884.22625936195,3
141,2025,Bell Post Hill,485227.3699355535,3
142,2026,Bell Post Hill,496570.5136117451,3
143,2027,Bell Post Hill,507913.65728793666,3
144,2028,Bell Post Hill,519256.8009641245,3
145,2029,Bell Post Hill,530599.9446403161,3
146,2030,Bell Post Hill,541943.0883165076,3
147,2031,Bell Post Hill,553286.2319926992,3
148,2032,Bell Post Hill,564629.3756688908,3
149,2033,Bell Post Hill,575972.5193450823,3
150,2034,Bell Post Hill,587315.6630212739,3
151,2035,Bell Post Hill,598658.8066974655,3
152,2036,Bell Post Hill,610001.950373657,3
153,2037,Bell Post Hill,621345.0940498486,3
154,2038,Bell Post Hill,632688.2377260402,3
155,2039,Bell Post Hill,644031.3814022318,3
156,2040,Bell Post Hill,655374.5250784233,3
157,2041,Bell Post Hill,666717.6687546149,3
158,2042,Bell Post Hill,678060.8124308027,3
159,2043,Bell Post Hill,689403.9561069943,3
160,2044,Bell Post Hill,700747.0997831859,3
161,2045,Bell Post Hill,712090.2434593774,3
162,2046,Bell Post Hill,723433.387135569,3
163,2047,Bell Post Hill,734776.5308117606,3
164,2048,Bell Post Hill,746119.6744879521,3
165,2049,Bell Post Hill,757462.8181641437,3
166,2050,Bell Post Hill,768805.9618403353,3
167,1979,Belmont,51000.0,4
168,1986,Belmont,51000.0,4
169,1987,Belmont,51000.0,4
170,1988,Belmont,75333.33333333333,4
171,1989,Belmont,92500.0,4
172,1991,Belmont,118000.0,4
173,1993,Belmont,102000.0,4
174,1996,Belmont,91500.0,4
175,1997,Belmont,65000.0,4
176,1998,Belmont,101500.0,4
177,2000,Belmont,211138.88888888888,4
178,2001,Belmont,155300.0,4
179,2002,Belmont,191781.25,4
180,2003,Belmont,233250.0,4
181,2004,Belmont,280000.0,4
182,2005,Belmont,281625.0,4
183,2006,Belmont,240666.66666666666,4
184,2007,Belmont,269166.6666666667,4
185,2008,Belmont,270590.9090909091,4
186,2009,Belmont,288666.6666666667,4
187,2010,Belmont,321227.2727272727,4
188,2011,Belmont,305484.28571428574,4
189,2012,Belmont,329954.54545454547,4
190,2013,Belmont,419597.22222222225,4
191,2014,Belmont,338888.8888888889,4
192,2015,Belmont,427152.38095238095,4
193,2016,Belmont,417118.4210526316,4
194,2017,Belmont,489000.0,4
195,2018,Belmont,470600.0,4
196,2020,Belmont,428061.01712040603,4
197,2021,Belmont,439404.1607965976,4
198,2022,Belmont,450747.30447278917,4
199,2023,Belmont,462090.44814898074,4
200,2024,Belmont,473433.5918251723,4
201,2025,Belmont,484776.7355013639,4
202,2026,Belmont,496119.87917755544,4
203,2027,Belmont,507463.022853747,4
204,2028,Belmont,518806.16652993485,4
205,2029,Belmont,530149.3102061264,4
206,2030,Belmont,541492.453882318,4
207,2031,Belmont,552835.5975585096,4
208,2032,Belmont,564178.7412347011,4
209,2033,Belmont,575521.8849108927,4
210,2034,Belmont,586865.0285870843,4
211,2035,Belmont,598208.1722632758,4
212,2036,Belmont,609551.3159394674,4
213,2037,Belmont,620894.459615659,4
214,2038,Belmont,632237.6032918505,4
215,2039,Belmont,643580.7469680421,4
216,2040,Belmont,654923.8906442337,4
217,2041,Belmont,666267.0343204252,4
218,2042,Belmont,677610.1779966131,4
219,2043,Belmont,688953.3216728047,4
220,2044,Belmont,700296.4653489962,4
221,2045,Belmont,711639.6090251878,4
222,2046,Belmont,722982.7527013794,4
223,2047,Belmont,734325.8963775709,4
224,2048,Belmont,745669.0400537625,4
225,2049,Belmont,757012.1837299541,4
226,2050,Belmont,768355.3274061456,4
227,1986,Corio,58250.0,6
228,1987,Corio,64000.0,6
229,1989,Corio,76000.0,6
230,1990,Corio,79250.0,6
231,1991,Corio,92000.0,6
232,1992,Corio,86666.66666666667,6
233,1993,Corio,70500.0,6
234,1994,Corio,86000.0,6
235,1995,Corio,61000.0,6
236,1996,Corio,99000.0,6
237,1997,Corio,67750.0,6
238,1998,Corio,65700.0,6
239,1999,Corio,70500.0,6
240,2000,Corio,103750.0,6
241,2001,Corio,104375.0,6
242,2002,Corio,134833.33333333334,6
243,2003,Corio,138000.0,6
244,2004,Corio,180500.0,6
245,2005,Corio,153333.33333333334,6
246,2006,Corio,131400.0,6
247,2007,Corio,149555.55555555556,6
248,2008,Corio,160600.0,6
249,2009,Corio,218818.18181818182,6
250,2010,Corio,238090.81818181818,6
251,2011,Corio,231909.0909090909,6
252,2012,Corio,261250.0,6
253,2013,Corio,226615.38461538462,6
254,2014,Corio,235750.0,6
255,2015,Corio,257695.65217391305,6
256,2016,Corio,258428.57142857142,6
257,2017,Corio,292375.0,6
258,2018,Corio,316100.0,6
259,2019,Corio,431000.0,6
260,2020,Corio,427159.74825203046,6
261,2021,Corio,438502.89192822203,6
262,2022,Corio,449846.0356044136,6
263,2023,Corio,461189.17928060517,6
264,2024,Corio,472532.32295679674,6
265,2025,Corio,483875.4666329883,6
266,2026,Corio,495218.6103091799,6
267,2027,Corio,506561.75398537144,6
268,2028,Corio,517904.8976615593,6
269,2029,Corio,529248.0413377509,6
270,2030,Corio,540591.1850139424,6
271,2031,Corio,551934.328690134,6
272,2032,Corio,563277.4723663256,6
273,2033,Corio,574620.6160425171,6
274,2034,Corio,585963.7597187087,6
275,2035,Corio,597306.9033949003,6
276,2036,Corio,608650.0470710918,6
277,2037,Corio,619993.1907472834,6
278,2038,Corio,631336.334423475,6
279,2039,Corio,642679.4780996665,6
280,2040,Corio,654022.6217758581,6
281,2041,Corio,665365.7654520497,6
282,2042,Corio,676708.9091282375,6
283,2043,Corio,688052.0528044291,6
284,2044,Corio,699395.1964806207,6
285,2045,Corio,710738.3401568122,6
286,2046,Corio,722081.4838330038,6
287,2047,Corio,733424.6275091954,6
288,2048,Corio,744767.7711853869,6
289,2049,Corio,756110.9148615785,6
290,2050,Corio,767454.0585377701,6
291,1984,Drumcondra,73833.33333333333,7
292,1985,Drumcondra,67000.0,7
293,1986,Drumcondra,94083.33333333333,7
294,1987,Drumcondra,134750.0,7
295,1988,Drumcondra,129666.66666666667,7
296,1989,Drumcondra,245000.0,7
297,1990,Drumcondra,79500.0,7
298,1991,Drumcondra,265500.0,7
299,1992,Drumcondra,163250.0,7
300,1993,Drumcondra,167000.0,7
301,1994,Drumcondra,145000.0,7
302,1995,Drumcondra,187833.33333333334,7
303,1996,Drumcondra,120000.0,7
304,1997,Drumcondra,100250.0,7
305,1998,Drumcondra,222666.66666666666,7
306,1999,Drumcondra,188625.0,7
307,2000,Drumcondra,279300.0,7
308,2001,Drumcondra,366200.0,7
309,2002,Drumcondra,317600.0,7
310,2003,Drumcondra,391666.6666666667,7
311,2004,Drumcondra,460833.3333333333,7
312,2005,Drumcondra,518333.3333333333,7
313,2006,Drumcondra,447500.0,7
314,2007,Drumcondra,430000.0,7
315,2008,Drumcondra,763750.0,7
316,2009,Drumcondra,410000.0,7
317,2010,Drumcondra,1238000.0,7
318,2011,Drumcondra,435000.0,7
319,2012,Drumcondra,700333.3333333334,7
320,2013,Drumcondra,870000.0,7
321,2015,Drumcondra,837500.0,7
322,2016,Drumcondra,405000.0,7
323,2020,Drumcondra,426709.1138178408,7
324,2021,Drumcondra,438052.2574940324,7
325,2022,Drumcondra,449395.40117022395,7
326,2023,Drumcondra,460738.5448464155,7
327,2024,Drumcondra,472081.6885226071,7
328,2025,Drumcondra,483424.83219879866,7
329,2026,Drumcondra,494767.9758749902,7
330,2027,Drumcondra,506111.1195511818,7
331,2028,Drumcondra,517454.26322736964,7
332,2029,Drumcondra,528797.4069035612,7
333,2030,Drumcondra,540140.5505797528,7
334,2031,Drumcondra,551483.6942559443,7
335,2032,Drumcondra,562826.8379321359,7
336,2033,Drumcondra,574169.9816083275,7
337,2034,Drumcondra,585513.125284519,7
338,2035,Drumcondra,596856.2689607106,7
339,2036,Drumcondra,608199.4126369022,7
340,2037,Drumcondra,619542.5563130938,7
341,2038,Drumcondra,630885.6999892853,7
342,2039,Drumcondra,642228.8436654769,7
343,2040,Drumcondra,653571.9873416685,7
344,2041,Drumcondra,664915.13101786,7
345,2042,Drumcondra,676258.2746940479,7
346,2043,Drumcondra,687601.4183702394,7
347,2044,Drumcondra,698944.562046431,7
348,2045,Drumcondra,710287.7057226226,7
349,2046,Drumcondra,721630.8493988141,7
350,2047,Drumcondra,732973.9930750057,7
351,2048,Drumcondra,744317.1367511973,7
352,2049,Drumcondra,755660.2804273888,7
353,2050,Drumcondra,767003.4241035804,7
354,1985,East Geelong,56833.333333333336,8
355,1986,East Geelong,59000.0,8
356,1987,East Geelong,72000.0,8
357,1988,East Geelong,133800.0,8
358,1989,East Geelong,107750.0,8
359,1990,East Geelong,90000.0,8
360,1991,East Geelong,80750.0,8
361,1992,East Geelong,86900.0,8
362,1993,East Geelong,116875.0,8
363,1994,East Geelong,72000.0,8
364,1996,East Geelong,54500.0,8
365,1997,East Geelong,113666.66666666667,8
366,1998,East Geelong,90500.0,8
367,1999,East Geelong,110000.0,8
368,2000,East Geelong,190312.5,8
369,2001,East Geelong,205362.5,8
370,2002,East Geelong,230000.0,8
371,2003,East Geelong,251500.0,8
372,2004,East Geelong,296937.5,8
373,2005,East Geelong,234785.7142857143,8
374,2006,East Geelong,250181.81818181818,8
375,2007,East Geelong,296658.5,8
376,2008,East Geelong,334856.25,8
377,2009,East Geelong,316125.1,8
378,2010,East Geelong,390176.4705882353,8
379,2011,East Geelong,384607.14285714284,8
380,2012,East Geelong,386225.0,8
381,2013,East Geelong,346000.0,8
382,2014,East Geelong,413920.45454545453,8
383,2015,East Geelong,438454.54545454547,8
384,2016,East Geelong,499555.55555555556,8
385,2017,East Geelong,569500.0,8
386,2020,East Geelong,426258.47938365117,8
387,2021,East Geelong,437601.62305984274,8
388,2022,East Geelong,448944.7667360343,8
389,2023,East Geelong,460287.9104122259,8
390,2024,East Geelong,471631.05408841744,8
391,2025,East Geelong,482974.197764609,8
392,2026,East Geelong,494317.3414408006,8
393,2027,East Geelong,505660.48511699215,8
394,2028,East Geelong,517003.62879318,8
395,2029,East Geelong,528346.7724693716,8
396,2030,East Geelong,539689.9161455631,8
397,2031,East Geelong,551033.0598217547,8
398,2032,East Geelong,562376.2034979463,8
399,2033,East Geelong,573719.3471741378,8
400,2034,East Geelong,585062.4908503294,8
401,2035,East Geelong,596405.634526521,8
402,2036,East Geelong,607748.7782027125,8
403,2037,East Geelong,619091.9218789041,8
404,2038,East Geelong,630435.0655550957,8
405,2039,East Geelong,641778.2092312872,8
406,2040,East Geelong,653121.3529074788,8
407,2041,East Geelong,664464.4965836704,8
408,2042,East Geelong,675807.6402598582,8
409,2043,East Geelong,687150.7839360498,8
410,2044,East Geelong,698493.9276122414,8
411,2045,East Geelong,709837.0712884329,8
412,2046,East Geelong,721180.2149646245,8
413,2047,East Geelong,732523.3586408161,8
414,2048,East Geelong,743866.5023170076,8
415,2049,East Geelong,755209.6459931992,8
416,2050,East Geelong,766552.7896693908,8
417,1983,Freshwater Creek,105000.0,9
418,1984,Freshwater Creek,165500.0,9
419,1988,Freshwater Creek,85000.0,9
420,1989,Freshwater Creek,210000.0,9
421,1990,Freshwater Creek,157000.0,9
422,1996,Freshwater Creek,255000.0,9
423,1997,Freshwater Creek,325000.0,9
424,1998,Freshwater Creek,230666.66666666666,9
425,2000,Freshwater Creek,527500.0,9
426,2001,Freshwater Creek,608750.0,9
427,2002,Freshwater Creek,482500.0,9
428,2003,Freshwater Creek,524750.0,9
429,2005,Freshwater Creek,540500.0,9
430,2007,Freshwater Creek,1100000.0,9
431,2009,Freshwater Creek,570000.0,9
432,2010,Freshwater Creek,750000.0,9
433,2011,Freshwater Creek,602500.0,9
434,2020,Freshwater Creek,425807.8449494615,9
435,2021,Freshwater Creek,437150.9886256531,9
436,2022,Freshwater Creek,448494.13230184466,9
437,2023,Freshwater Creek,459837.2759780362,9
438,2024,Freshwater Creek,471180.4196542278,9
439,2025,Freshwater Creek,482523.56333041936,9
440,2026,Freshwater Creek,493866.70700661093,9
441,2027,Freshwater Creek,505209.8506828025,9
442,2028,Freshwater Creek,516552.99435899034,9
443,2029,Freshwater Creek,527896.1380351819,9
444,2030,Freshwater Creek,539239.2817113735,9
445,2031,Freshwater Creek,550582.425387565,9
446,2032,Freshwater Creek,561925.5690637566,9
447,2033,Freshwater Creek,573268.7127399482,9
448,2034,Freshwater Creek,584611.8564161398,9
449,2035,Freshwater Creek,595955.0000923313,9
450,2036,Freshwater Creek,607298.1437685229,9
451,2037,Freshwater Creek,618641.2874447145,9
452,2038,Freshwater Creek,629984.431120906,9
453,2039,Freshwater Creek,641327.5747970976,9
454,2040,Freshwater Creek,652670.7184732892,9
455,2041,Freshwater Creek,664013.8621494807,9
456,2042,Freshwater Creek,675357.0058256686,9
457,2043,Freshwater Creek,686700.1495018601,9
458,2044,Freshwater Creek,698043.2931780517,9
459,2045,Freshwater Creek,709386.4368542433,9
460,2046,Freshwater Creek,720729.5805304348,9
461,2047,Freshwater Creek,732072.7242066264,9
462,2048,Freshwater Creek,743415.867882818,9
463,2049,Freshwater Creek,754759.0115590096,9
464,2050,Freshwater Creek,766102.1552352011,9
465,1982,Geelong,56830.0,10
466,1987,Geelong,79000.0,10
467,1988,Geelong,91000.0,10
468,1991,Geelong,118666.66666666667,10
469,1993,Geelong,233500.0,10
470,1994,Geelong,115875.0,10
471,1995,Geelong,68000.0,10
472,1996,Geelong,122666.66666666667,10
473,1997,Geelong,84000.0,10
474,1998,Geelong,286600.0,10
475,1999,Geelong,149950.0,10
476,2000,Geelong,420860.0,10
477,2001,Geelong,204000.0,10
478,2002,Geelong,249500.0,10
479,2003,Geelong,594500.0,10
480,2004,Geelong,332874.5714285714,10
481,2005,Geelong,564071.7142857143,10
482,2006,Geelong,327300.0,10
483,2007,Geelong,463700.0,10
484,2008,Geelong,510062.5,10
485,2009,Geelong,321250.0,10
486,2010,Geelong,574352.9411764706,10
487,2011,Geelong,504535.71428571426,10
488,2012,Geelong,454843.75,10
489,2013,Geelong,471225.0,10
490,2014,Geelong,542183.7142857143,10
491,2015,Geelong,725250.0,10
492,2016,Geelong,522600.0,10
493,2017,Geelong,758666.6666666666,10
494,2020,Geelong,425357.2105152756,10
495,2021,Geelong,436700.35419146717,10
496,2022,Geelong,448043.49786765873,10
497,2023,Geelong,459386.6415438503,10
498,2024,Geelong,470729.7852200419,10
499,2025,Geelong,482072.92889623344,10
500,2026,Geelong,493416.072572425,10
501,2027,Geelong,504759.2162486166,10
502,2028,Geelong,516102.3599248044,10
503,2029,Geelong,527445.503600996,10
504,2030,Geelong,538788.6472771876,10
505,2031,Geelong,550131.7909533791,10
506,2032,Geelong,561474.9346295707,10
507,2033,Geelong,572818.0783057623,10
508,2034,Geelong,584161.2219819538,10
509,2035,Geelong,595504.3656581454,10
510,2036,Geelong,606847.509334337,10
511,2037,Geelong,618190.6530105285,10
512,2038,Geelong,629533.7966867201,10
513,2039,Geelong,640876.9403629117,10
514,2040,Geelong,652220.0840391032,10
515,2041,Geelong,663563.2277152948,10
516,2042,Geelong,674906.3713914827,10
517,2043,Geelong,686249.5150676742,10
518,2044,Geelong,697592.6587438658,10
519,2045,Geelong,708935.8024200574,10
520,2046,Geelong,720278.9460962489,10
521,2047,Geelong,731622.0897724405,10
522,2048,Geelong,742965.2334486321,10
523,2049,Geelong,754308.3771248236,10
524,2050,Geelong,765651.5208010152,10
525,1984,Geelong West,50000.0,11
526,1987,Geelong West,67000.0,11
527,1989,Geelong West,61000.0,11
528,1991,Geelong West,66500.0,11
529,1992,Geelong West,101000.0,11
530,1993,Geelong West,90175.0,11
531,1994,Geelong West,89966.66666666667,11
532,1996,Geelong West,79500.0,11
533,1997,Geelong West,88000.0,11
534,1998,Geelong West,82000.0,11
535,1999,Geelong West,97500.0,11
536,2000,Geelong West,170833.33333333334,11
537,2001,Geelong West,162500.0,11
538,2002,Geelong West,192200.0,11
539,2003,Geelong West,263800.0,11
540,2004,Geelong West,241166.66666666666,11
541,2005,Geelong West,310100.0,11
542,2006,Geelong West,249083.33333333334,11
543,2007,Geelong West,337799.23076923075,11
544,2008,Geelong West,344875.0,11
545,2009,Geelong West,432400.0,11
546,2010,Geelong West,351076.92307692306,11
547,2011,Geelong West,428190.4761904762,11
548,2012,Geelong West,388266.6666666667,11
549,2013,Geelong West,407872.0,11
550,2014,Geelong West,467973.6842105263,11
551,2015,Geelong West,494352.9411764706,11
552,2016,Geelong West,503507.6923076923,11
553,2017,Geelong West,646090.9090909091,11
554,2018,Geelong West,342500.0,11
555,2020,Geelong West,424906.57608108595,11
556,2021,Geelong West,436249.7197572775,11
557,2022,Geelong West,447592.8634334691,11
558,2023,Geelong West,458936.00710966066,11
559,2024,Geelong West,470279.1507858522,11
560,2025,Geelong West,481622.2944620438,11
561,2026,Geelong West,492965.43813823536,11
562,2027,Geelong West,504308.5818144269,11
563,2028,Geelong West,515651.7254906148,11
564,2029,Geelong West,526994.8691668063,11
565,2030,Geelong West,538338.0128429979,11
566,2031,Geelong West,549681.1565191895,11
567,2032,Geelong West,561024.300195381,11
568,2033,Geelong West,572367.4438715726,11
569,2034,Geelong West,583710.5875477642,11
570,2035,Geelong West,595053.7312239558,11
571,2036,Geelong West,606396.8749001473,11
572,2037,Geelong West,617740.0185763389,11
573,2038,Geelong West,629083.1622525305,11
574,2039,Geelong West,640426.305928722,11
575,2040,Geelong West,651769.4496049136,11
576,2041,Geelong West,663112.5932811052,11
577,2042,Geelong West,674455.736957293,11
578,2043,Geelong West,685798.8806334846,11
579,2044,Geelong West,697142.0243096761,11
580,2045,Geelong West,708485.1679858677,11
581,2046,Geelong West,719828.3116620593,11
582,2047,Geelong West,731171.4553382508,11
583,2048,Geelong West,742514.5990144424,11
584,2049,Geelong West,753857.742690634,11
585,2050,Geelong West,765200.8863668256,11
586,1978,Grovedale,51000.0,12
587,1984,Grovedale,73573.33333333333,12
588,1985,Grovedale,64666.666666666664,12
589,1986,Grovedale,65000.0,12
590,1988,Grovedale,108700.0,12
591,1989,Grovedale,84000.0,12
592,1990,Grovedale,97250.0,12
593,1992,Grovedale,82000.0,12
594,1993,Grovedale,130000.0,12
595,1995,Grovedale,111375.0,12
596,1996,Grovedale,135866.66666666666,12
597,1997,Grovedale,102000.0,12
598,1998,Grovedale,142500.0,12
599,1999,Grovedale,130000.0,12
600,2000,Grovedale,199836.36363636365,12
601,2001,Grovedale,112100.0,12
602,2002,Grovedale,173250.0,12
603,2003,Grovedale,206790.0,12
604,2004,Grovedale,245714.2857142857,12
605,2005,Grovedale,215500.0,12
606,2006,Grovedale,234136.54545454544,12
607,2007,Grovedale,227999.16666666666,12
608,2008,Grovedale,269700.0,12
609,2009,Grovedale,262444.44444444444,12
610,2010,Grovedale,343590.9090909091,12
611,2011,Grovedale,308034.0909090909,12
612,2012,Grovedale,361384.6153846154,12
613,2013,Grovedale,339566.6666666667,12
614,2014,Grovedale,350894.7368421053,12
615,2015,Grovedale,356950.0,12
616,2016,Grovedale,348538.46153846156,12
617,2017,Grovedale,431866.6666666667,12
618,2018,Grovedale,412500.0,12
619,2019,Grovedale,548500.0,12
620,2020,Grovedale,424455.9416468963,12
621,2021,Grovedale,435799.0853230879,12
622,2022,Grovedale,447142.22899927944,12
623,2023,Grovedale,458485.372675471,12
624,2024,Grovedale,469828.5163516626,12
625,2025,Grovedale,481171.66002785414,12
626,2026,Grovedale,492514.8037040457,12
627,2027,Grovedale,503857.9473802373,12
628,2028,Grovedale,515201.0910564251,12
629,2029,Grovedale,526544.2347326167,12
630,2030,Grovedale,537887.3784088083,12
631,2031,Grovedale,549230.5220849998,12
632,2032,Grovedale,560573.6657611914,12
633,2033,Grovedale,571916.809437383,12
634,2034,Grovedale,583259.9531135745,12
635,2035,Grovedale,594603.0967897661,12
636,2036,Grovedale,605946.2404659577,12
637,2037,Grovedale,617289.3841421492,12
638,2038,Grovedale,628632.5278183408,12
639,2039,Grovedale,639975.6714945324,12
640,2040,Grovedale,651318.815170724,12
641,2041,Grovedale,662661.9588469155,12
642,2042,Grovedale,674005.1025231034,12
643,2043,Grovedale,685348.2461992949,12
644,2044,Grovedale,696691.3898754865,12
645,2045,Grovedale,708034.5335516781,12
646,2046,Grovedale,719377.6772278696,12
647,2047,Grovedale,730720.8209040612,12
648,2048,Grovedale,742063.9645802528,12
649,2049,Grovedale,753407.1082564443,12
650,2050,Grovedale,764750.2519326359,12
651,1979,Hamlyn Heights,60000.0,13
652,1983,Hamlyn Heights,56000.0,13
653,1985,Hamlyn Heights,92000.0,13
654,1987,Hamlyn Heights,60500.0,13
655,1988,Hamlyn Heights,107000.0,13
656,1989,Hamlyn Heights,65000.0,13
657,1991,Hamlyn Heights,89000.0,13
658,1994,Hamlyn Heights,71000.0,13
659,1995,Hamlyn Heights,80500.0,13
660,1996,Hamlyn Heights,108166.33333333333,13
661,1997,Hamlyn Heights,75500.0,13
662,1998,Hamlyn Heights,53500.0,13
663,1999,Hamlyn Heights,108000.0,13
664,2000,Hamlyn Heights,161050.2,13
665,2001,Hamlyn Heights,142125.0,13
666,2002,Hamlyn Heights,197600.0,13
667,2003,Hamlyn Heights,203666.66666666666,13
668,2004,Hamlyn Heights,229333.33333333334,13
669,2005,Hamlyn Heights,292500.0,13
670,2006,Hamlyn Heights,247500.0,13
671,2007,Hamlyn Heights,250143.14285714287,13
672,2008,Hamlyn Heights,243750.0,13
673,2009,Hamlyn Heights,281600.0,13
674,2010,Hamlyn Heights,312733.3333333333,13
675,2011,Hamlyn Heights,316684.6153846154,13
676,2012,Hamlyn Heights,328357.14285714284,13
677,2013,Hamlyn Heights,313750.0,13
678,2014,Hamlyn Heights,320375.0,13
679,2015,Hamlyn Heights,342750.0,13
680,2016,Hamlyn Heights,355788.8888888889,13
681,2017,Hamlyn Heights,383590.9090909091,13
682,2018,Hamlyn Heights,495166.6666666667,13
683,2020,Hamlyn Heights,424005.3072127104,13
684,2021,Hamlyn Heights,435348.45088890195,13
685,2022,Hamlyn Heights,446691.5945650935,13
686,2023,Hamlyn Heights,458034.7382412851,13
687,2024,Hamlyn Heights,469377.88191747665,13
688,2025,Hamlyn Heights,480721.0255936682,13
689,2026,Hamlyn Heights,492064.1692698598,13
690,2027,Hamlyn Heights,503407.31294605136,13
691,2028,Hamlyn Heights,514750.4566222392,13
692,2029,Hamlyn Heights,526093.6002984308,13
693,2030,Hamlyn Heights,537436.7439746223,13
694,2031,Hamlyn Heights,548779.8876508139,13
695,2032,Hamlyn Heights,560123.0313270055,13
696,2033,Hamlyn Heights,571466.175003197,13
697,2034,Hamlyn Heights,582809.3186793886,13
698,2035,Hamlyn Heights,594152.4623555802,13
699,2036,Hamlyn Heights,605495.6060317717,13
700,2037,Hamlyn Heights,616838.7497079633,13
701,2038,Hamlyn Heights,628181.8933841549,13
702,2039,Hamlyn Heights,639525.0370603465,13
703,2040,Hamlyn Heights,650868.180736538,13
704,2041,Hamlyn Heights,662211.3244127296,13
705,2042,Hamlyn Heights,673554.4680889174,13
706,2043,Hamlyn Heights,684897.611765109,13
707,2044,Hamlyn Heights,696240.7554413006,13
708,2045,Hamlyn Heights,707583.8991174921,13
709,2046,Hamlyn Heights,718927.0427936837,13
710,2047,Hamlyn Heights,730270.1864698753,13
711,2048,Hamlyn Heights,741613.3301460668,13
712,2049,Hamlyn Heights,752956.4738222584,13
713,2050,Hamlyn Heights,764299.61749845,13
714,1985,Herne Hill,51000.0,14
715,1987,Herne Hill,57250.0,14
716,1988,Herne Hill,74250.0,14
717,1989,Herne Hill,75000.0,14
718,1992,Herne Hill,99250.0,14
719,1994,Herne Hill,104500.0,14
720,1995,Herne Hill,86250.0,14
721,1996,Herne Hill,88050.0,14
722,1997,Herne Hill,72250.0,14
723,1998,Herne Hill,102325.0,14
724,2000,Herne Hill,154834.0,14
725,2001,Herne Hill,138583.33333333334,14
726,2002,Herne Hill,147800.0,14
727,2003,Herne Hill,217300.0,14
728,2004,Herne Hill,229500.0,14
729,2005,Herne Hill,211583.33333333334,14
730,2006,Herne Hill,212333.33333333334,14
731,2007,Herne Hill,231500.0,14
732,2008,Herne Hill,201500.0,14
733,2009,Herne Hill,251250.0,14
734,2010,Herne Hill,270794.1176470588,14
735,2011,Herne Hill,269643.0,14
736,2012,Herne Hill,280244.7368421053,14
737,2013,Herne Hill,315323.5294117647,14
738,2014,Herne Hill,308714.28571428574,14
739,2015,Herne Hill,307250.0,14
740,2016,Herne Hill,319838.09523809527,14
741,2017,Herne Hill,398833.3333333333,14
742,2018,Herne Hill,421133.3333333333,14
743,2020,Herne Hill,423554.67277852073,14
744,2021,Herne Hill,434897.8164547123,14
745,2022,Herne Hill,446240.96013090387,14
746,2023,Herne Hill,457584.10380709544,14
747,2024,Herne Hill,468927.247483287,14
748,2025,Herne Hill,480270.3911594786,14
749,2026,Herne Hill,491613.53483567014,14
750,2027,Herne Hill,502956.6785118617,14
751,2028,Herne Hill,514299.82218804955,14
752,2029,Herne Hill,525642.9658642411,14
753,2030,Herne Hill,536986.1095404327,14
754,2031,Herne Hill,548329.2532166243,14
755,2032,Herne Hill,559672.3968928158,14
756,2033,Herne Hill,571015.5405690074,14
757,2034,Herne Hill,582358.684245199,14
758,2035,Herne Hill,593701.8279213905,14
759,2036,Herne Hill,605044.9715975821,14
760,2037,Herne Hill,616388.1152737737,14
761,2038,Herne Hill,627731.2589499652,14
762,2039,Herne Hill,639074.4026261568,14
763,2040,Herne Hill,650417.5463023484,14
764,2041,Herne Hill,661760.68997854,14
765,2042,Herne Hill,673103.8336547278,14
766,2043,Herne Hill,684446.9773309194,14
767,2044,Herne Hill,695790.1210071109,14
768,2045,Herne Hill,707133.2646833025,14
769,2046,Herne Hill,718476.4083594941,14
770,2047,Herne Hill,729819.5520356856,14
771,2048,Herne Hill,741162.6957118772,14
772,2049,Herne Hill,752505.8393880688,14
773,2050,Herne Hill,763848.9830642603,14
774,1980,Highton,58000.0,15
775,1981,Highton,63416.666666666664,15
776,1982,Highton,60000.0,15
777,1983,Highton,56000.0,15
778,1984,Highton,53500.0,15
779,1986,Highton,68750.0,15
780,1987,Highton,105333.33333333333,15
781,1988,Highton,120000.0,15
782,1989,Highton,116500.0,15
783,1990,Highton,121666.66666666667,15
784,1991,Highton,65000.0,15
785,1992,Highton,113520.0,15
786,1993,Highton,151250.0,15
787,1994,Highton,94000.0,15
788,1995,Highton,95000.0,15
789,1996,Highton,69562.5,15
790,1997,Highton,107750.0,15
791,1998,Highton,151500.0,15
792,1999,Highton,144500.0,15
793,2000,Highton,202961.53846153847,15
794,2001,Highton,129200.0,15
795,2002,Highton,150100.0,15
796,2003,Highton,216333.33333333334,15
797,2004,Highton,235562.5,15
798,2005,Highton,338700.0,15
799,2006,Highton,334333.3333333333,15
800,2007,Highton,255600.2,15
801,2008,Highton,283935.71428571426,15
802,2009,Highton,295571.4285714286,15
803,2010,Highton,378272.7272727273,15
804,2011,Highton,381045.45454545453,15
805,2012,Highton,373321.4285714286,15
806,2013,Highton,389642.85714285716,15
807,2014,Highton,416892.85714285716,15
808,2015,Highton,469071.5714285714,15
809,2016,Highton,463733.3333333333,15
810,2017,Highton,530250.0,15
811,2018,Highton,550062.5,15
812,2020,Highton,423104.0383443311,15
813,2021,Highton,434447.18202052265,15
814,2022,Highton,445790.3256967142,15
815,2023,Highton,457133.4693729058,15
816,2024,Highton,468476.61304909736,15
817,2025,Highton,479819.7567252889,15
818,2026,Highton,491162.9004014805,15
819,2027,Highton,502506.04407767206,15
820,2028,Highton,513849.1877538599,15
821,2029,Highton,525192.3314300515,15
822,2030,Highton,536535.475106243,15
823,2031,Highton,547878.6187824346,15
824,2032,Highton,559221.7624586262,15
825,2033,Highton,570564.9061348177,15
826,2034,Highton,581908.0498110093,15
827,2035,Highton,593251.1934872009,15
828,2036,Highton,604594.3371633925,15
829,2037,Highton,615937.480839584,15
830,2038,Highton,627280.6245157756,15
831,2039,Highton,638623.7681919672,15
832,2040,Highton,649966.9118681587,15
833,2041,Highton,661310.0555443503,15
834,2042,Highton,672653.1992205381,15
835,2043,Highton,683996.3428967297,15
836,2044,Highton,695339.4865729213,15
837,2045,Highton,706682.6302491128,15
838,2046,Highton,718025.7739253044,15
839,2047,Highton,729368.917601496,15
840,2048,Highton,740712.0612776875,15
841,2049,Highton,752055.2049538791,15
842,2050,Highton,763398.3486300707,15
843,1984,Lara,52500.0,16
844,1985,Lara,67000.0,16
845,1988,Lara,95500.0,16
846,1990,Lara,168000.0,16
847,1991,Lara,85000.0,16
848,1992,Lara,121000.0,16
849,1994,Lara,182500.0,16
850,1997,Lara,105400.0,16
851,1998,Lara,128875.0,16
852,1999,Lara,151300.0,16
853,2000,Lara,145250.0,16
854,2001,Lara,117500.0,16
855,2002,Lara,228750.0,16
856,2003,Lara,242625.0,16
857,2004,Lara,257750.0,16
858,2005,Lara,274000.0,16
859,2006,Lara,327363.63636363635,16
860,2007,Lara,342250.0,16
861,2008,Lara,299363.63636363635,16
862,2009,Lara,217000.0,16
863,2010,Lara,286590.9090909091,16
864,2011,Lara,272260.0,16
865,2012,Lara,300136.36363636365,16
866,2013,Lara,295400.0,16
867,2014,Lara,356527.77777777775,16
868,2015,Lara,365045.45454545453,16
869,2016,Lara,335384.6153846154,16
870,2017,Lara,396750.0,16
871,2018,Lara,395333.3333333333,16
872,2019,Lara,450000.0,16
873,2020,Lara,422653.40391014144,16
874,2021,Lara,433996.547586333,16
875,2022,Lara,445339.6912625246,16
876,2023,Lara,456682.83493871614,16
877,2024,Lara,468025.9786149077,16
878,2025,Lara,479369.1222910993,16
879,2026,Lara,490712.26596729085,16
880,2027,Lara,502055.4096434824,16
881,2028,Lara,513398.55331967026,16
882,2029,Lara,524741.6969958618,16
883,2030,Lara,536084.8406720534,16
884,2031,Lara,547427.984348245,16
885,2032,Lara,558771.1280244365,16
886,2033,Lara,570114.2717006281,16
887,2034,Lara,581457.4153768197,16
888,2035,Lara,592800.5590530112,16
889,2036,Lara,604143.7027292028,16
890,2037,Lara,615486.8464053944,16
891,2038,Lara,626829.990081586,16
892,2039,Lara,638173.1337577775,16
893,2040,Lara,649516.2774339691,16
894,2041,Lara,660859.4211101606,16
895,2042,Lara,672202.5647863485,16
896,2043,Lara,683545.7084625401,16
897,2044,Lara,694888.8521387316,16
898,2045,Lara,706231.9958149232,16
899,2046,Lara,717575.1394911148,16
900,2047,Lara,728918.2831673063,16
901,2048,Lara,740261.4268434979,16
902,2049,Lara,751604.5705196895,16
903,2050,Lara,762947.714195881,16
904,1985,Manifold Heights,60733.333333333336,17
905,1986,Manifold Heights,82833.33333333333,17
906,1988,Manifold Heights,156500.0,17
907,1990,Manifold Heights,82500.0,17
908,1991,Manifold Heights,95000.0,17
909,1992,Manifold Heights,78000.0,17
910,1993,Manifold Heights,111875.0,17
911,1994,Manifold Heights,108333.33333333333,17
912,1995,Manifold Heights,91000.0,17
913,1996,Manifold Heights,72500.0,17
914,1997,Manifold Heights,85250.0,17
915,1998,Manifold Heights,130500.0,17
916,1999,Manifold Heights,130866.66666666667,17
917,2000,Manifold Heights,190243.75,17
918,2001,Manifold Heights,157333.33333333334,17
919,2002,Manifold Heights,290431.85714285716,17
920,2003,Manifold Heights,280000.0,17
921,2004,Manifold Heights,286613.63636363635,17
922,2005,Manifold Heights,266500.0,17
923,2006,Manifold Heights,334000.0,17
924,2007,Manifold Heights,327466.6666666667,17
925,2008,Manifold Heights,344850.0,17
926,2009,Manifold Heights,355667.85714285716,17
927,2010,Manifold Heights,415566.06666666665,17
928,2011,Manifold Heights,436426.4705882353,17
929,2012,Manifold Heights,376076.92307692306,17
930,2013,Manifold Heights,450622.8333333333,17
931,2014,Manifold Heights,432633.3333333333,17
932,2015,Manifold Heights,455576.92307692306,17
933,2016,Manifold Heights,459050.0,17
934,2018,Manifold Heights,895000.0,17
935,2020,Manifold Heights,422202.7694759555,17
936,2021,Manifold Heights,433545.9131521471,17
937,2022,Manifold Heights,444889.05682833865,17
938,2023,Manifold Heights,456232.2005045302,17
939,2024,Manifold Heights,467575.3441807218,17
940,2025,Manifold Heights,478918.48785691336,17
941,2026,Manifold Heights,490261.6315331049,17
942,2027,Manifold Heights,501604.7752092965,17
943,2028,Manifold Heights,512947.91888548434,17
944,2029,Manifold Heights,524291.0625616759,17
945,2030,Manifold Heights,535634.2062378675,17
946,2031,Manifold Heights,546977.349914059,17
947,2032,Manifold Heights,558320.4935902506,17
948,2033,Manifold Heights,569663.6372664422,17
949,2034,Manifold Heights,581006.7809426337,17
950,2035,Manifold Heights,592349.9246188253,17
951,2036,Manifold Heights,603693.0682950169,17
952,2037,Manifold Heights,615036.2119712085,17
953,2038,Manifold Heights,626379.3556474,17
954,2039,Manifold Heights,637722.4993235916,17
955,2040,Manifold Heights,649065.6429997832,17
956,2041,Manifold Heights,660408.7866759747,17
957,2042,Manifold Heights,671751.9303521626,17
958,2043,Manifold Heights,683095.0740283541,17
959,2044,Manifold Heights,694438.2177045457,17
960,2045,Manifold Heights,705781.3613807373,17
961,2046,Manifold Heights,717124.5050569288,17
962,2047,Manifold Heights,728467.6487331204,17
963,2048,Manifold Heights,739810.792409312,17
964,2049,Manifold Heights,751153.9360855035,17
965,2050,Manifold Heights,762497.0797616951,17
966,1983,Marshall,58500.0,18
967,1988,Marshall,68500.0,18
968,1989,Marshall,84500.0,18
969,1994,Marshall,103000.0,18
970,1996,Marshall,87500.0,18
971,2000,Marshall,132616.66666666666,18
972,2001,Marshall,90500.0,18
973,2002,Marshall,158500.0,18
974,2003,Marshall,135000.0,18
975,2004,Marshall,159050.0,18
976,2005,Marshall,185666.66666666666,18
977,2007,Marshall,207780.0,18
978,2008,Marshall,182142.85714285713,18
979,2009,Marshall,172915.65625,18
980,2010,Marshall,262190.4761904762,18
981,2011,Marshall,230300.0,18
982,2012,Marshall,181965.5172413793,18
983,2013,Marshall,274330.0,18
984,2014,Marshall,253500.0,18
985,2015,Marshall,275428.5714285714,18
986,2016,Marshall,314166.8333333333,18
987,2017,Marshall,392800.0,18
988,2020,Marshall,421752.13504176587,18
989,2021,Marshall,433095.27871795744,18
990,2022,Marshall,444438.422394149,18
991,2023,Marshall,455781.5660703406,18
992,2024,Marshall,467124.70974653214,18
993,2025,Marshall,478467.8534227237,18
994,2026,Marshall,489810.9970989153,18
995,2027,Marshall,501154.14077510685,18
996,2028,Marshall,512497.2844512947,18
997,2029,Marshall,523840.42812748626,18
998,2030,Marshall,535183.5718036778,18
999,2031,Marshall,546526.7154798694,18
1000,2032,Marshall,557869.859156061,18
1001,2033,Marshall,569213.0028322525,18
1002,2034,Marshall,580556.1465084441,18
1003,2035,Marshall,591899.2901846357,18
1004,2036,Marshall,603242.4338608272,18
1005,2037,Marshall,614585.5775370188,18
1006,2038,Marshall,625928.7212132104,18
1007,2039,Marshall,637271.864889402,18
1008,2040,Marshall,648615.0085655935,18
1009,2041,Marshall,659958.1522417851,18
1010,2042,Marshall,671301.2959179729,18
1011,2043,Marshall,682644.4395941645,18
1012,2044,Marshall,693987.5832703561,18
1013,2045,Marshall,705330.7269465476,18
1014,2046,Marshall,716673.8706227392,18
1015,2047,Marshall,728017.0142989308,18
1016,2048,Marshall,739360.1579751223,18
1017,2049,Marshall,750703.3016513139,18
1018,2050,Marshall,762046.4453275055,18
1019,1992,Mount Duneed,270000.0,19
1020,2000,Mount Duneed,190688.88888888888,19
1021,2008,Mount Duneed,639000.0,19
1022,2009,Mount Duneed,625000.0,19
1023,2010,Mount Duneed,1950000.0,19
1024,2011,Mount Duneed,325000.0,19
1025,2012,Mount Duneed,223650.0,19
1026,2013,Mount Duneed,212488.23529411765,19
1027,2014,Mount Duneed,186877.12,19
1028,2015,Mount Duneed,215526.31578947368,19
1029,2016,Mount Duneed,268839.0,19
1030,2017,Mount Duneed,348666.6666666667,19
1031,2020,Mount Duneed,421301.5006075762,19
1032,2021,Mount Duneed,432644.6442837678,19
1033,2022,Mount Duneed,443987.78795995936,19
1034,2023,Mount Duneed,455330.9316361509,19
1035,2024,Mount Duneed,466674.0753123425,19
1036,2025,Mount Duneed,478017.21898853406,19
1037,2026,Mount Duneed,489360.36266472563,19
1038,2027,Mount Duneed,500703.5063409172,19
1039,2028,Mount Duneed,512046.65001710504,19
1040,2029,Mount Duneed,523389.7936932966,19
1041,2030,Mount Duneed,534732.9373694882,19
1042,2031,Mount Duneed,546076.0810456797,19
1043,2032,Mount Duneed,557419.2247218713,19
1044,2033,Mount Duneed,568762.3683980629,19
1045,2034,Mount Duneed,580105.5120742545,19
1046,2035,Mount Duneed,591448.655750446,19
1047,2036,Mount Duneed,602791.7994266376,19
1048,2037,Mount Duneed,614134.9431028292,19
1049,2038,Mount Duneed,625478.0867790207,19
1050,2039,Mount Duneed,636821.2304552123,19
1051,2040,Mount Duneed,648164.3741314039,19
1052,2041,Mount Duneed,659507.5178075954,19
1053,2042,Mount Duneed,670850.6614837833,19
1054,2043,Mount Duneed,682193.8051599748,19
1055,2044,Mount Duneed,693536.9488361664,19
1056,2045,Mount Duneed,704880.092512358,19
1057,2046,Mount Duneed,716223.2361885495,19
1058,2047,Mount Duneed,727566.3798647411,19
1059,2048,Mount Duneed,738909.5235409327,19
1060,2049,Mount Duneed,750252.6672171243,19
1061,2050,Mount Duneed,761595.8108933158,19
1062,1985,Newcomb,52000.0,20
1063,1986,Newcomb,67050.0,20
1064,1987,Newcomb,55000.0,20
1065,1989,Newcomb,82833.33333333333,20
1066,1991,Newcomb,75000.0,20
1067,1993,Newcomb,117000.0,20
1068,1994,Newcomb,72500.0,20
1069,1995,Newcomb,89125.0,20
1070,1996,Newcomb,84000.0,20
1071,1998,Newcomb,103900.0,20
1072,1999,Newcomb,90750.0,20
1073,2000,Newcomb,126707.69230769231,20
1074,2001,Newcomb,94000.0,20
1075,2002,Newcomb,136800.0,20
1076,2003,Newcomb,162850.0,20
1077,2004,Newcomb,193785.7142857143,20
1078,2005,Newcomb,165333.33333333334,20
1079,2006,Newcomb,260875.0,20
1080,2007,Newcomb,226909.0909090909,20
1081,2008,Newcomb,232583.33333333334,20
1082,2009,Newcomb,223750.0,20
1083,2010,Newcomb,242082.0,20
1084,2011,Newcomb,276892.85714285716,20
1085,2012,Newcomb,279061.1111111111,20
1086,2013,Newcomb,274033.3333333333,20
1087,2014,Newcomb,288607.14285714284,20
1088,2015,Newcomb,247547.72727272726,20
1089,2016,Newcomb,296555.55555555556,20
1090,2017,Newcomb,279400.0,20
1091,2018,Newcomb,308500.0,20
1092,2020,Newcomb,420850.8661733866,20
1093,2021,Newcomb,432194.00984957814,20
1094,2022,Newcomb,443537.1535257697,20
1095,2023,Newcomb,454880.2972019613,20
1096,2024,Newcomb,466223.44087815285,20
1097,2025,Newcomb,477566.5845543444,20
1098,2026,Newcomb,488909.728230536,20
1099,2027,Newcomb,500252.87190672755,20
1100,2028,Newcomb,511596.0155829154,20
1101,2029,Newcomb,522939.15925910696,20
1102,2030,Newcomb,534282.3029352985,20
1103,2031,Newcomb,545625.4466114901,20
1104,2032,Newcomb,556968.5902876817,20
1105,2033,Newcomb,568311.7339638732,20
1106,2034,Newcomb,579654.8776400648,20
1107,2035,Newcomb,590998.0213162564,20
1108,2036,Newcomb,602341.164992448,20
1109,2037,Newcomb,613684.3086686395,20
1110,2038,Newcomb,625027.4523448311,20
1111,2039,Newcomb,636370.5960210226,20
1112,2040,Newcomb,647713.7396972142,20
1113,2041,Newcomb,659056.8833734058,20
1114,2042,Newcomb,670400.0270495936,20
1115,2043,Newcomb,681743.1707257852,20
1116,2044,Newcomb,693086.3144019768,20
1117,2045,Newcomb,704429.4580781683,20
1118,2046,Newcomb,715772.6017543599,20
1119,2047,Newcomb,727115.7454305515,20
1120,2048,Newcomb,738458.889106743,20
1121,2049,Newcomb,749802.0327829346,20
1122,2050,Newcomb,761145.1764591262,20
1123,1979,Newtown,120000.0,21
1124,1983,Newtown,128750.0,21
1125,1984,Newtown,64596.666666666664,21
1126,1985,Newtown,71000.0,21
1127,1988,Newtown,114125.0,21
1128,1990,Newtown,152500.0,21
1129,1991,Newtown,147750.0,21
1130,1992,Newtown,135000.0,21
1131,1993,Newtown,115000.0,21
1132,1994,Newtown,109666.66666666667,21
1133,1995,Newtown,113500.0,21
1134,1997,Newtown,122888.88888888889,21
1135,1998,Newtown,156500.0,21
1136,1999,Newtown,200000.0,21
1137,2000,Newtown,441290.0,21
1138,2001,Newtown,174416.66666666666,21
1139,2002,Newtown,316666.6666666667,21
1140,2003,Newtown,338750.0,21
1141,2004,Newtown,402357.14285714284,21
1142,2005,Newtown,344600.0,21
1143,2006,Newtown,331312.5,21
1144,2007,Newtown,380625.0,21
1145,2008,Newtown,287333.3333333333,21
1146,2009,Newtown,294312.5,21
1147,2010,Newtown,401562.5,21
1148,2011,Newtown,509463.63636363635,21
1149,2012,Newtown,564083.3333333334,21
1150,2013,Newtown,532072.6842105263,21
1151,2014,Newtown,617555.5555555555,21
1152,2015,Newtown,494100.0,21
1153,2016,Newtown,664107.1428571428,21
1154,2017,Newtown,562142.8571428572,21
1155,2018,Newtown,492500.0,21
1156,2020,Newtown,420400.23173920065,21
1157,2021,Newtown,431743.3754153922,21
1158,2022,Newtown,443086.5190915838,21
1159,2023,Newtown,454429.66276777536,21
1160,2024,Newtown,465772.8064439669,21
1161,2025,Newtown,477115.9501201585,21
1162,2026,Newtown,488459.09379635006,21
1163,2027,Newtown,499802.23747254163,21
1164,2028,Newtown,511145.3811487295,21
1165,2029,Newtown,522488.52482492104,21
1166,2030,Newtown,533831.6685011126,21
1167,2031,Newtown,545174.8121773042,21
1168,2032,Newtown,556517.9558534957,21
1169,2033,Newtown,567861.0995296873,21
1170,2034,Newtown,579204.2432058789,21
1171,2035,Newtown,590547.3868820705,21
1172,2036,Newtown,601890.530558262,21
1173,2037,Newtown,613233.6742344536,21
1174,2038,Newtown,624576.8179106452,21
1175,2039,Newtown,635919.9615868367,21
1176,2040,Newtown,647263.1052630283,21
1177,2041,Newtown,658606.2489392199,21
1178,2042,Newtown,669949.3926154077,21
1179,2043,Newtown,681292.5362915993,21
1180,2044,Newtown,692635.6799677908,21
1181,2045,Newtown,703978.8236439824,21
1182,2046,Newtown,715321.967320174,21
1183,2047,Newtown,726665.1109963655,21
1184,2048,Newtown,738008.2546725571,21
1185,2049,Newtown,749351.3983487487,21
1186,2050,Newtown,760694.5420249403,21
1187,1984,Norlane,64000.0,22
1188,1988,Norlane,50800.0,22
1189,1989,Norlane,61000.0,22
1190,1991,Norlane,77500.0,22
1191,1994,Norlane,63000.0,22
1192,1995,Norlane,77950.0,22
1193,1998,Norlane,50500.0,22
1194,1999,Norlane,75750.0,22
1195,2000,Norlane,108142.85714285714,22
1196,2001,Norlane,72833.33333333333,22
1197,2002,Norlane,97250.0,22
1198,2003,Norlane,147000.0,22
1199,2004,Norlane,130143.57142857143,22
1200,2005,Norlane,154833.33333333334,22
1201,2006,Norlane,165700.0,22
1202,2007,Norlane,166375.0,22
1203,2008,Norlane,198272.72727272726,22
1204,2009,Norlane,178166.66666666666,22
1205,2010,Norlane,203355.0,22
1206,2011,Norlane,207038.46153846153,22
1207,2012,Norlane,246220.0,22
1208,2013,Norlane,205563.75,22
1209,2014,Norlane,175553.0,22
1210,2015,Norlane,170412.5,22
1211,2016,Norlane,246986.95652173914,22
1212,2017,Norlane,281323.5294117647,22
1213,2018,Norlane,376000.0,22
1214,2019,Norlane,230000.0,22
1215,2020,Norlane,419949.597305011,22
1216,2021,Norlane,431292.7409812026,22
1217,2022,Norlane,442635.88465739414,22
1218,2023,Norlane,453979.0283335857,22
1219,2024,Norlane,465322.1720097773,22
1220,2025,Norlane,476665.31568596885,22
1221,2026,Norlane,488008.4593621604,22
1222,2027,Norlane,499351.603038352,22
1223,2028,Norlane,510694.7467145398,22
1224,2029,Norlane,522037.8903907314,22
1225,2030,Norlane,533381.034066923,22
1226,2031,Norlane,544724.1777431145,22
1227,2032,Norlane,556067.3214193061,22
1228,2033,Norlane,567410.4650954977,22
1229,2034,Norlane,578753.6087716892,22
1230,2035,Norlane,590096.7524478808,22
1231,2036,Norlane,601439.8961240724,22
1232,2037,Norlane,612783.0398002639,22
1233,2038,Norlane,624126.1834764555,22
1234,2039,Norlane,635469.3271526471,22
1235,2040,Norlane,646812.4708288386,22
1236,2041,Norlane,658155.6145050302,22
1237,2042,Norlane,669498.758181218,22
1238,2043,Norlane,680841.9018574096,22
1239,2044,Norlane,692185.0455336012,22
1240,2045,Norlane,703528.1892097928,22
1241,2046,Norlane,714871.3328859843,22
1242,2047,Norlane,726214.4765621759,22
1243,2048,Norlane,737557.6202383675,22
1244,2049,Norlane,748900.763914559,22
1245,2050,Norlane,760243.9075907506,22
1246,1999,North Geelong,81000.0,23
1247,2010,North Geelong,295000.0,23
1248,2012,North Geelong,231500.0,23
1249,2015,North Geelong,410000.0,23
1250,2017,North Geelong,443750.0,23
1251,2019,North Geelong,380000.0,23
1252,2020,North Geelong,419498.96287082136,23
1253,2021,North Geelong,430842.1065470129,23
1254,2022,North Geelong,442185.2502232045,23
1255,2023,North Geelong,453528.39389939606,23
1256,2024,North Geelong,464871.53757558763,23
1257,2025,North Geelong,476214.6812517792,23
1258,2026,North Geelong,487557.82492797077,23
1259,2027,North Geelong,498900.96860416234,23
1260,2028,North Geelong,510244.1122803502,23
1261,2029,North Geelong,521587.25595654175,23
1262,2030,North Geelong,532930.3996327333,23
1263,2031,North Geelong,544273.5433089249,23
1264,2032,North Geelong,555616.6869851165,23
1265,2033,North Geelong,566959.830661308,23
1266,2034,North Geelong,578302.9743374996,23
1267,2035,North Geelong,589646.1180136912,23
1268,2036,North Geelong,600989.2616898827,23
1269,2037,North Geelong,612332.4053660743,23
1270,2038,North Geelong,623675.5490422659,23
1271,2039,North Geelong,635018.6927184574,23
1272,2040,North Geelong,646361.836394649,23
1273,2041,North Geelong,657704.9800708406,23
1274,2042,North Geelong,669048.1237470284,23
1275,2043,North Geelong,680391.26742322,23
1276,2044,North Geelong,691734.4110994115,23
1277,2045,North Geelong,703077.5547756031,23
1278,2046,North Geelong,714420.6984517947,23
1279,2047,North Geelong,725763.8421279863,23
1280,2048,North Geelong,737106.9858041778,23
1281,2049,North Geelong,748450.1294803694,23
1282,2050,North Geelong,759793.273156561,23
1283,1989,North Shore,70000.0,24
1284,2008,North Shore,325300.0,24
1285,2009,North Shore,290000.0,24
1286,2012,North Shore,287500.0,24
1287,2020,North Shore,419048.32843663543,24
1288,2021,North Shore,430391.472112827,24
1289,2022,North Shore,441734.6157890186,24
1290,2023,North Shore,453077.75946521014,24
1291,2024,North Shore,464420.9031414017,24
1292,2025,North Shore,475764.0468175933,24
1293,2026,North Shore,487107.19049378484,24
1294,2027,North Shore,498450.3341699764,24
1295,2028,North Shore,509793.47784616426,24
1296,2029,North Shore,521136.6215223558,24
1297,2030,North Shore,532479.7651985474,24
1298,2031,North Shore,543822.908874739,24
1299,2032,North Shore,555166.0525509305,24
1300,2033,North Shore,566509.1962271221,24
1301,2034,North Shore,577852.3399033137,24
1302,2035,North Shore,589195.4835795052,24
1303,2036,North Shore,600538.6272556968,24
1304,2037,North Shore,611881.7709318884,24
1305,2038,North Shore,623224.9146080799,24
1306,2039,North Shore,634568.0582842715,24
1307,2040,North Shore,645911.2019604631,24
1308,2041,North Shore,657254.3456366546,24
1309,2042,North Shore,668597.4893128425,24
1310,2043,North Shore,679940.632989034,24
1311,2044,North Shore,691283.7766652256,24
1312,2045,North Shore,702626.9203414172,24
1313,2046,North Shore,713970.0640176088,24
1314,2047,North Shore,725313.2076938003,24
1315,2048,North Shore,736656.3513699919,24
1316,2049,North Shore,747999.4950461835,24
1317,2050,North Shore,759342.638722375,24
1318,1984,Ripple Side,55500.0,25
1319,1985,Ripple Side,64000.0,25
1320,1986,Ripple Side,53000.0,25
1321,1987,Ripple Side,60833.333333333336,25
1322,1988,Ripple Side,94833.33333333333,25
1323,1991,Ripple Side,75500.0,25
1324,1993,Ripple Side,146500.0,25
1325,1994,Ripple Side,96400.0,25
1326,1995,Ripple Side,87000.0,25
1327,1996,Ripple Side,134000.0,25
1328,1997,Ripple Side,225020.0,25
1329,1998,Ripple Side,140833.33333333334,25
1330,1999,Ripple Side,130333.33333333333,25
1331,2000,Ripple Side,253200.0,25
1332,2001,Ripple Side,366250.0,25
1333,2002,Ripple Side,360250.0,25
1334,2003,Ripple Side,336500.0,25
1335,2004,Ripple Side,321857.14285714284,25
1336,2005,Ripple Side,278400.0,25
1337,2006,Ripple Side,391000.0,25
1338,2007,Ripple Side,465000.0,25
1339,2008,Ripple Side,352781.25,25
1340,2009,Ripple Side,333300.0,25
1341,2010,Ripple Side,473000.0,25
1342,2011,Ripple Side,400583.3333333333,25
1343,2012,Ripple Side,595000.0,25
1344,2013,Ripple Side,449700.0,25
1345,2014,Ripple Side,476900.0,25
1346,2015,Ripple Side,497400.0,25
1347,2016,Ripple Side,710000.0,25
1348,2020,Ripple Side,418597.6940024458,25
1349,2021,Ripple Side,429940.83767863736,25
1350,2022,Ripple Side,441283.9813548289,25
1351,2023,Ripple Side,452627.1250310205,25
1352,2024,Ripple Side,463970.26870721206,25
1353,2025,Ripple Side,475313.4123834036,25
1354,2026,Ripple Side,486656.5560595952,25
1355,2027,Ripple Side,497999.69973578677,25
1356,2028,Ripple Side,509342.8434119746,25
1357,2029,Ripple Side,520685.9870881662,25
1358,2030,Ripple Side,532029.1307643577,25
1359,2031,Ripple Side,543372.2744405493,25
1360,2032,Ripple Side,554715.4181167409,25
1361,2033,Ripple Side,566058.5617929325,25
1362,2034,Ripple Side,577401.705469124,25
1363,2035,Ripple Side,588744.8491453156,25
1364,2036,Ripple Side,600087.9928215072,25
1365,2037,Ripple Side,611431.1364976987,25
1366,2038,Ripple Side,622774.2801738903,25
1367,2039,Ripple Side,634117.4238500819,25
1368,2040,Ripple Side,645460.5675262734,25
1369,2041,Ripple Side,656803.711202465,25
1370,2042,Ripple Side,668146.8548786528,25
1371,2043,Ripple Side,679489.9985548444,25
1372,2044,Ripple Side,690833.142231036,25
1373,2045,Ripple Side,702176.2859072275,25
1374,2046,Ripple Side,713519.4295834191,25
1375,2047,Ripple Side,724862.5732596107,25
1376,2048,Ripple Side,736205.7169358023,25
1377,2049,Ripple Side,747548.8606119938,25
1378,2050,Ripple Side,758892.0042881854,25
1379,1984,South Geelong,87500.0,26
1380,1986,South Geelong,56000.0,26
1381,1987,South Geelong,77800.0,26
1382,1988,South Geelong,89000.0,26
1383,1989,South Geelong,90000.0,26
1384,1991,South Geelong,104025.0,26
1385,1992,South Geelong,66500.0,26
1386,1994,South Geelong,119166.66666666667,26
1387,1995,South Geelong,106000.0,26
1388,1996,South Geelong,147666.66666666666,26
1389,1997,South Geelong,338500.0,26
1390,1998,South Geelong,117700.0,26
1391,1999,South Geelong,232857.14285714287,26
1392,2000,South Geelong,255611.11111111112,26
1393,2001,South Geelong,335042.77777777775,26
1394,2002,South Geelong,252500.0,26
1395,2003,South Geelong,243500.0,26
1396,2004,South Geelong,307833.3333333333,26
1397,2005,South Geelong,337428.5714285714,26
1398,2006,South Geelong,244583.33333333334,26
1399,2007,South Geelong,322166.6666666667,26
1400,2008,South Geelong,300533.3333333333,26
1401,2009,South Geelong,386972.22222222225,26
1402,2010,South Geelong,383843.25,26
1403,2011,South Geelong,378400.0,26
1404,2012,South Geelong,323521.0714285714,26
1405,2013,South Geelong,585322.2222222222,26
1406,2014,South Geelong,313625.0,26
1407,2015,South Geelong,463333.3333333333,26
1408,2016,South Geelong,389250.0,26
1409,2017,South Geelong,664000.0,26
1410,2018,South Geelong,190000.0,26
1411,2020,South Geelong,418147.05956825614,26
1412,2021,South Geelong,429490.2032444477,26
1413,2022,South Geelong,440833.3469206393,26
1414,2023,South Geelong,452176.49059683084,26
1415,2024,South Geelong,463519.6342730224,26
1416,2025,South Geelong,474862.777949214,26
1417,2026,South Geelong,486205.92162540555,26
1418,2027,South Geelong,497549.0653015971,26
1419,2028,South Geelong,508892.20897778496,26
1420,2029,South Geelong,520235.35265397653,26
1421,2030,South Geelong,531578.4963301681,26
1422,2031,South Geelong,542921.6400063597,26
1423,2032,South Geelong,554264.7836825512,26
1424,2033,South Geelong,565607.9273587428,26
1425,2034,South Geelong,576951.0710349344,26
1426,2035,South Geelong,588294.2147111259,26
1427,2036,South Geelong,599637.3583873175,26
1428,2037,South Geelong,610980.5020635091,26
1429,2038,South Geelong,622323.6457397006,26
1430,2039,South Geelong,633666.7894158922,26
1431,2040,South Geelong,645009.9330920838,26
1432,2041,South Geelong,656353.0767682754,26
1433,2042,South Geelong,667696.2204444632,26
1434,2043,South Geelong,679039.3641206548,26
1435,2044,South Geelong,690382.5077968463,26
1436,2045,South Geelong,701725.6514730379,26
1437,2046,South Geelong,713068.7951492295,26
1438,2047,South Geelong,724411.938825421,26
1439,2048,South Geelong,735755.0825016126,26
1440,2049,South Geelong,747098.2261778042,26
1441,2050,South Geelong,758441.3698539957,26
1442,1985,St Albans Park,54800.0,27
1443,1989,St Albans Park,82500.0,27
1444,1991,St Albans Park,77750.0,27
1445,1992,St Albans Park,69500.0,27
1446,1993,St Albans Park,94250.0,27
1447,1994,St Albans Park,77000.0,27
1448,1996,St Albans Park,84666.66666666667,27
1449,1997,St Albans Park,105500.0,27
1450,1999,St Albans Park,106000.0,27
1451,2000,St Albans Park,163066.66666666666,27
1452,2001,St Albans Park,157119.0,27
1453,2002,St Albans Park,152714.2857142857,27
1454,2003,St Albans Park,188055.55555555556,27
1455,2004,St Albans Park,223392.85714285713,27
1456,2005,St Albans Park,226321.42857142858,27
1457,2006,St Albans Park,168571.42857142858,27
1458,2007,St Albans Park,219596.25,27
1459,2008,St Albans Park,260125.0,27
1460,2009,St Albans Park,272777.77777777775,27
1461,2010,St Albans Park,254022.72727272726,27
1462,2011,St Albans Park,311857.14285714284,27
1463,2012,St Albans Park,293400.0,27
1464,2013,St Albans Park,313388.8888888889,27
1465,2014,St Albans Park,314412.5,27
1466,2015,St Albans Park,322095.8333333333,27
1467,2016,St Albans Park,323714.28571428574,27
1468,2017,St Albans Park,352750.0,27
1469,2018,St Albans Park,375000.0,27
1470,2020,St Albans Park,417696.4251340665,27
1471,2021,St Albans Park,429039.56881025806,27
1472,2022,St Albans Park,440382.7124864496,27
1473,2023,St Albans Park,451725.8561626412,27
1474,2024,St Albans Park,463068.99983883277,27
1475,2025,St Albans Park,474412.14351502433,27
1476,2026,St Albans Park,485755.2871912159,27
1477,2027,St Albans Park,497098.4308674075,27
1478,2028,St Albans Park,508441.5745435953,27
1479,2029,St Albans Park,519784.7182197869,27
1480,2030,St Albans Park,531127.8618959785,27
1481,2031,St Albans Park,542471.00557217,27
1482,2032,St Albans Park,553814.1492483616,27
1483,2033,St Albans Park,565157.2929245532,27
1484,2034,St Albans Park,576500.4366007447,27
1485,2035,St Albans Park,587843.5802769363,27
1486,2036,St Albans Park,599186.7239531279,27
1487,2037,St Albans Park,610529.8676293194,27
1488,2038,St Albans Park,621873.011305511,27
1489,2039,St Albans Park,633216.1549817026,27
1490,2040,St Albans Park,644559.2986578941,27
1491,2041,St Albans Park,655902.4423340857,27
1492,2042,St Albans Park,667245.5860102735,27
1493,2043,St Albans Park,678588.7296864651,27
1494,2044,St Albans Park,689931.8733626567,27
1495,2045,St Albans Park,701275.0170388483,27
1496,2046,St Albans Park,712618.1607150398,27
1497,2047,St Albans Park,723961.3043912314,27
1498,2048,St Albans Park,735304.448067423,27
1499,2049,St Albans Park,746647.5917436145,27
1500,2050,St Albans Park,757990.7354198061,27
1501,1991,Thomson,110000.0,28
1502,2000,Thomson,300000.0,28
1503,2004,Thomson,180000.0,28
1504,2008,Thomson,225000.0,28
1505,2011,Thomson,260000.0,28
1506,2016,Thomson,308000.0,28
1507,2020,Thomson,417245.79069988057,28
1508,2021,Thomson,428588.93437607214,28
1509,2022,Thomson,439932.0780522637,28
1510,2023,Thomson,451275.2217284553,28
1511,2024,Thomson,462618.36540464684,28
1512,2025,Thomson,473961.5090808384,28
1513,2026,Thomson,485304.65275703,28
1514,2027,Thomson,496647.79643322155,28
1515,2028,Thomson,507990.9401094094,28
1516,2029,Thomson,519334.08378560096,28
1517,2030,Thomson,530677.2274617925,28
1518,2031,Thomson,542020.3711379841,28
1519,2032,Thomson,553363.5148141757,28
1520,2033,Thomson,564706.6584903672,28
1521,2034,Thomson,576049.8021665588,28
1522,2035,Thomson,587392.9458427504,28
1523,2036,Thomson,598736.0895189419,28
1524,2037,Thomson,610079.2331951335,28
1525,2038,Thomson,621422.3768713251,28
1526,2039,Thomson,632765.5205475166,28
1527,2040,Thomson,644108.6642237082,28
1528,2041,Thomson,655451.8078998998,28
1529,2042,Thomson,666794.9515760876,28
1530,2043,Thomson,678138.0952522792,28
1531,2044,Thomson,689481.2389284708,28
1532,2045,Thomson,700824.3826046623,28
1533,2046,Thomson,712167.5262808539,28
1534,2047,Thomson,723510.6699570455,28
1535,2048,Thomson,734853.813633237,28
1536,2049,Thomson,746196.9573094286,28
1537,2050,Thomson,757540.1009856202,28
1538,1987,Wandana Heights,94000.0,29
1539,1988,Wandana Heights,76000.0,29
1540,1989,Wandana Heights,74000.0,29
1541,1990,Wandana Heights,124500.0,29
1542,1991,Wandana Heights,190000.0,29
1543,1992,Wandana Heights,190000.0,29
1544,1993,Wandana Heights,59000.0,29
1545,1994,Wandana Heights,177500.0,29
1546,1995,Wandana Heights,172500.0,29
1547,1996,Wandana Heights,103666.66666666667,29
1548,1997,Wandana Heights,99375.0,29
1549,1998,Wandana Heights,282000.0,29
1550,1999,Wandana Heights,131500.0,29
1551,2000,Wandana Heights,161388.88888888888,29
1552,2001,Wandana Heights,242833.33333333334,29
1553,2002,Wandana Heights,247615.38461538462,29
1554,2003,Wandana Heights,316000.0,29
1555,2004,Wandana Heights,453500.0,29
1556,2005,Wandana Heights,432428.5714285714,29
1557,2006,Wandana Heights,412625.0,29
1558,2007,Wandana Heights,290187.5,29
1559,2008,Wandana Heights,407527.77777777775,29
1560,2009,Wandana Heights,407025.0,29
1561,2010,Wandana Heights,479346.1538461539,29
1562,2011,Wandana Heights,547500.0,29
1563,2012,Wandana Heights,415800.0,29
1564,2013,Wandana Heights,418744.44444444444,29
1565,2014,Wandana Heights,477357.14285714284,29
1566,2015,Wandana Heights,600250.0,29
1567,2016,Wandana Heights,564500.0,29
1568,2017,Wandana Heights,580000.0,29
1569,2020,Wandana Heights,416795.1562656909,29
1570,2021,Wandana Heights,428138.2999418825,29
1571,2022,Wandana Heights,439481.44361807406,29
1572,2023,Wandana Heights,450824.5872942656,29
1573,2024,Wandana Heights,462167.7309704572,29
1574,2025,Wandana Heights,473510.87464664876,29
1575,2026,Wandana Heights,484854.01832284033,29
1576,2027,Wandana Heights,496197.1619990319,29
1577,2028,Wandana Heights,507540.30567521974,29
1578,2029,Wandana Heights,518883.4493514113,29
1579,2030,Wandana Heights,530226.5930276029,29
1580,2031,Wandana Heights,541569.7367037944,29
1581,2032,Wandana Heights,552912.880379986,29
1582,2033,Wandana Heights,564256.0240561776,29
1583,2034,Wandana Heights,575599.1677323692,29
1584,2035,Wandana Heights,586942.3114085607,29
1585,2036,Wandana Heights,598285.4550847523,29
1586,2037,Wandana Heights,609628.5987609439,29
1587,2038,Wandana Heights,620971.7424371354,29
1588,2039,Wandana Heights,632314.886113327,29
1589,2040,Wandana Heights,643658.0297895186,29
1590,2041,Wandana Heights,655001.1734657101,29
1591,2042,Wandana Heights,666344.317141898,29
1592,2043,Wandana Heights,677687.4608180895,29
1593,2044,Wandana Heights,689030.6044942811,29
1594,2045,Wandana Heights,700373.7481704727,29
1595,2046,Wandana Heights,711716.8918466642,29
1596,2047,Wandana Heights,723060.0355228558,29
1597,2048,Wandana Heights,734403.1791990474,29
1598,2049,Wandana Heights,745746.322875239,29
1599,2050,Wandana Heights,757089.4665514305,29
1600,1990,Waurn Ponds,72000.0,30
1601,1995,Waurn Ponds,119000.0,30
1602,1998,Waurn Ponds,57750.0,30
1603,1999,Waurn Ponds,72000.0,30
1604,2000,Waurn Ponds,196272.72727272726,30
1605,2001,Waurn Ponds,95800.0,30
1606,2002,Waurn Ponds,94812.5,30
1607,2003,Waurn Ponds,139645.83333333334,30
1608,2004,Waurn Ponds,199660.7142857143,30
1609,2005,Waurn Ponds,199107.14285714287,30
1610,2006,Waurn Ponds,238470.83333333334,30
1611,2007,Waurn Ponds,277805.55555555556,30
1612,2008,Waurn Ponds,353222.22222222225,30
1613,2009,Waurn Ponds,304195.652173913,30
1614,2010,Waurn Ponds,341687.5,30
1615,2011,Waurn Ponds,322115.3846153846,30
1616,2012,Waurn Ponds,330850.0,30
1617,2013,Waurn Ponds,491000.0,30
1618,2014,Waurn Ponds,373778.5714285714,30
1619,2015,Waurn Ponds,431590.9090909091,30
1620,2016,Waurn Ponds,505100.0,30
1621,2017,Waurn Ponds,508500.0,30
1622,2018,Waurn Ponds,495000.0,30
1623,2020,Waurn Ponds,416344.5218315013,30
1624,2021,Waurn Ponds,427687.66550769284,30
1625,2022,Waurn Ponds,439030.8091838844,30
1626,2023,Waurn Ponds,450373.952860076,30
1627,2024,Waurn Ponds,461717.09653626755,30
1628,2025,Waurn Ponds,473060.2402124591,30
1629,2026,Waurn Ponds,484403.3838886507,30
1630,2027,Waurn Ponds,495746.52756484225,30
1631,2028,Waurn Ponds,507089.6712410301,30
1632,2029,Waurn Ponds,518432.81491722167,30
1633,2030,Waurn Ponds,529775.9585934132,30
1634,2031,Waurn Ponds,541119.1022696048,30
1635,2032,Waurn Ponds,552462.2459457964,30
1636,2033,Waurn Ponds,563805.3896219879,30
1637,2034,Waurn Ponds,575148.5332981795,30
1638,2035,Waurn Ponds,586491.6769743711,30
1639,2036,Waurn Ponds,597834.8206505626,30
1640,2037,Waurn Ponds,609177.9643267542,30
1641,2038,Waurn Ponds,620521.1080029458,30
1642,2039,Waurn Ponds,631864.2516791373,30
1643,2040,Waurn Ponds,643207.3953553289,30
1644,2041,Waurn Ponds,654550.5390315205,30
1645,2042,Waurn Ponds,665893.6827077083,30
1646,2043,Waurn Ponds,677236.8263838999,30
1647,2044,Waurn Ponds,688579.9700600915,30
1648,2045,Waurn Ponds,699923.113736283,30
1649,2046,Waurn Ponds,711266.2574124746,30
1650,2047,Waurn Ponds,722609.4010886662,30
1651,2048,Waurn Ponds,733952.5447648577,30
1652,2049,Waurn Ponds,745295.6884410493,30
1653,2050,Waurn Ponds,756638.8321172409,30
1654,1987,Whittington,79000.0,31
1655,1988,Whittington,64000.0,31
1656,1989,Whittington,100566.66666666667,31
1657,1991,Whittington,76000.0,31
1658,1992,Whittington,79166.66666666667,31
1659,1994,Whittington,95500.0,31
1660,1995,Whittington,115500.0,31
1661,1996,Whittington,79333.33333333333,31
1662,1997,Whittington,83500.0,31
1663,1998,Whittington,64000.0,31
1664,1999,Whittington,73000.0,31
1665,2000,Whittington,104076.36363636363,31
1666,2001,Whittington,134083.33333333334,31
1667,2002,Whittington,132600.0,31
1668,2003,Whittington,154666.66666666666,31
1669,2004,Whittington,180750.0,31
1670,2005,Whittington,176346.15384615384,31
1671,2006,Whittington,211714.2857142857,31
1672,2007,Whittington,162211.53846153847,31
1673,2008,Whittington,187170.0,31
1674,2009,Whittington,192750.0,31
1675,2010,Whittington,219443.33333333334,31
1676,2011,Whittington,234115.38461538462,31
1677,2012,Whittington,263906.84210526315,31
1678,2013,Whittington,231739.21739130435,31
1679,2014,Whittington,228769.23076923078,31
1680,2015,Whittington,231875.0,31
1681,2016,Whittington,248571.42857142858,31
1682,2017,Whittington,265545.45454545453,31
1683,2018,Whittington,345000.0,31
1684,2020,Whittington,415893.8873973116,31
1685,2021,Whittington,427237.0310735032,31
1686,2022,Whittington,438580.17474969476,31
1687,2023,Whittington,449923.31842588633,31
1688,2024,Whittington,461266.4621020779,31
1689,2025,Whittington,472609.60577826947,31
1690,2026,Whittington,483952.74945446104,31
1691,2027,Whittington,495295.8931306526,31
1692,2028,Whittington,506639.03680684045,31
1693,2029,Whittington,517982.180483032,31
1694,2030,Whittington,529325.3241592236,31
1695,2031,Whittington,540668.4678354152,31
1696,2032,Whittington,552011.6115116067,31
1697,2033,Whittington,563354.7551877983,31
1698,2034,Whittington,574697.8988639899,31
1699,2035,Whittington,586041.0425401814,31
1700,2036,Whittington,597384.186216373,31
1701,2037,Whittington,608727.3298925646,31
1702,2038,Whittington,620070.4735687561,31
1703,2039,Whittington,631413.6172449477,31
1704,2040,Whittington,642756.7609211393,31
1705,2041,Whittington,654099.9045973308,31
1706,2042,Whittington,665443.0482735187,31
1707,2043,Whittington,676786.1919497102,31
1708,2044,Whittington,688129.3356259018,31
1709,2045,Whittington,699472.4793020934,31
1710,2046,Whittington,710815.622978285,31
1711,2047,Whittington,722158.7666544765,31
1712,2048,Whittington,733501.9103306681,31
1713,2049,Whittington,744845.0540068597,31
1714,2050,Whittington,756188.1976830512,31
