date,pm25,pm10,o3,no2,so2,co
1/03/2021,45,17,12,2,13,
2/03/2021,17,14,12,2,,
3/03/2021,8,17,11,2,,
4/03/2021,9,18,14,2,,
5/03/2021,30,23,14,1,,
6/03/2021,26,14,3,5,2,1
7/03/2021,18,15,14,3,,1
8/03/2021,27,12,14,2,,
9/03/2021,16,15,13,4,,
10/03/2021,14,24,19,5,1,1
11/03/2021,23,30,43,8,,1
12/03/2021,37,20,22,5,,1
13/03/2021,29,12,12,3,,
14/03/2021,22,15,11,3,,
15/03/2021,8,,,,,
1/02/2021,22,16,10,2,,
2/02/2021,19,18,13,2,,
3/02/2021,13,32,23,9,,1
4/02/2021,33,15,18,5,,1
5/02/2021,24,11,18,4,,
6/02/2021,15,10,13,1,,
7/02/2021,15,17,10,2,,
8/02/2021,21,21,13,2,,
9/02/2021,15,25,22,4,,
10/02/2021,21,38,27,8,2,1
11/02/2021,31,17,13,3,,
12/02/2021,36,13,11,1,,
13/02/2021,16,10,12,1,,
14/02/2021,10,19,17,1,,
15/02/2021,18,21,31,4,1,
16/02/2021,23,24,19,4,,1
17/02/2021,31,33,29,7,,1
18/02/2021,36,28,24,5,1,1
19/02/2021,23,25,17,2,,1
23/02/2021,18,16,13,4,,
24/02/2021,12,17,12,4,,
25/02/2021,13,18,11,2,,
26/02/2021,20,22,11,3,2,
27/02/2021,21,25,27,4,2,1
28/02/2021,47,24,12,2,7,
4/01/2021,20,13,11,,,
5/01/2021,15,11,9,1,,
6/01/2021,17,28,14,1,5,
7/01/2021,33,21,15,1,7,
8/01/2021,25,,18,2,8,
9/01/2021,18,,18,2,6,
10/01/2021,17,52,25,5,6,1
11/01/2021,27,24,16,1,7,
12/01/2021,39,30,25,3,9,
13/01/2021,32,16,12,1,8,
14/01/2021,25,14,11,1,8,
15/01/2021,18,11,10,,10,
16/01/2021,15,23,12,,10,
17/01/2021,34,14,8,,11,
18/01/2021,17,27,11,,,
19/01/2021,37,28,17,2,13,
20/01/2021,27,34,26,5,14,1
21/01/2021,28,27,17,3,,
22/01/2021,35,17,17,,,
23/01/2021,19,23,36,4,13,1
24/01/2021,26,30,22,4,12,1
25/01/2021,26,12,13,1,13,1
26/01/2021,25,25,12,,12,
27/01/2021,25,27,12,1,14,
28/01/2021,24,9,16,2,12,1
29/01/2021,8,9,18,,14,
30/01/2021,26,10,12,1,,
31/01/2021,11,16,13,5,,
1/10/2020,39,34,24,6,,1
2/10/2020,30,29,26,1,,1
3/10/2020,25,21,25,2,2,1
4/10/2020,33,9,23,2,,
5/10/2020,20,15,23,2,,
6/10/2020,17,9,14,4,,1
7/10/2020,23,5,19,3,,1
8/10/2020,17,11,21,1,,
9/10/2020,16,11,21,1,,
10/10/2020,19,8,21,2,,1
11/10/2020,10,18,18,8,1,1
12/10/2020,24,20,20,2,,
13/10/2020,29,21,20,4,,1
14/10/2020,29,25,20,8,,1
15/10/2020,29,15,22,2,,
16/10/2020,22,12,20,6,,1
17/10/2020,31,11,20,1,,
18/10/2020,15,11,20,2,,1
19/10/2020,11,13,21,6,,1
20/10/2020,14,16,20,5,,1
21/10/2020,13,8,18,4,,1
22/10/2020,10,15,17,3,,1
23/10/2020,23,9,19,1,,
24/10/2020,21,16,21,,,
25/10/2020,22,18,20,1,,
26/10/2020,24,14,20,1,,
27/10/2020,23,13,21,2,,
28/10/2020,16,15,19,5,,1
29/10/2020,26,16,21,2,,1
30/10/2020,22,14,19,,,1
31/10/2020,20,10,19,1,,
1/11/2020,15,20,29,4,,1
2/11/2020,30,24,31,5,,1
3/11/2020,31,18,20,3,,1
4/11/2020,25,14,16,2,,
5/11/2020,21,12,16,2,,
6/11/2020,13,17,16,,,
7/11/2020,24,19,20,1,1,
8/11/2020,22,27,31,6,,1
9/11/2020,26,30,29,4,,1
10/11/2020,26,27,21,7,,1
11/11/2020,35,14,19,3,,1
12/11/2020,21,8,15,2,,
13/11/2020,7,9,16,,,
14/11/2020,12,21,23,3,,
15/11/2020,17,37,19,1,,
16/11/2020,34,26,15,1,,
17/11/2020,20,27,27,6,,1
18/11/2020,36,35,28,9,,
19/11/2020,29,30,21,1,1,1
20/11/2020,38,28,25,2,,1
21/11/2020,59,25,29,6,,1
22/11/2020,40,11,15,3,,1
23/11/2020,28,13,13,2,,
24/11/2020,13,19,19,4,1,1
25/11/2020,17,24,15,3,,
26/11/2020,35,34,30,5,,
27/11/2020,29,26,20,2,,1
28/11/2020,46,11,15,1,,
29/11/2020,22,17,18,2,,
30/11/2020,9,26,17,4,,
1/12/2020,36,23,13,1,,
2/12/2020,29,24,20,3,1,
3/12/2020,27,20,15,2,,
4/12/2020,15,32,21,4,,1
5/12/2020,26,13,14,,,
6/12/2020,26,13,13,,,
7/12/2020,19,17,13,1,,
8/12/2020,20,18,15,1,,
9/12/2020,16,20,12,,,
10/12/2020,27,27,18,1,,
11/12/2020,27,25,28,2,,
12/12/2020,26,21,26,2,,1
13/12/2020,20,24,30,3,,1
14/12/2020,23,33,17,6,2,1
15/12/2020,37,24,14,,,
16/12/2020,22,16,17,2,,1
17/12/2020,21,12,13,2,,
18/12/2020,16,14,13,1,,
19/12/2020,17,10,13,1,,
20/12/2020,9,20,14,5,,1
21/12/2020,17,9,13,1,,
22/12/2020,22,13,11,1,,
23/12/2020,17,12,12,1,,
24/12/2020,17,11,12,,,
25/12/2020,12,18,21,2,4,1
26/12/2020,21,21,22,3,2,1
27/12/2020,29,12,12,,,
28/12/2020,21,12,12,1,,
29/12/2020,10,7,9,,2,
30/12/2020,11,17,11,,3,
31/12/2020,14,17,22,,4,
1/01/2021,23,16,17,1,4,1
2/01/2021,19,14,13,1,3,1
3/01/2021,26,12,12,,3,
1/07/2020,38,7,21,4,,1
2/07/2020,20,6,19,5,,
3/07/2020,19,5,18,1,,1
4/07/2020,20,5,19,2,,1
5/07/2020,13,11,15,6,,1
6/07/2020,14,10,18,6,,1
7/07/2020,18,24,11,13,,3
8/07/2020,52,18,6,13,1,3
9/07/2020,57,26,5,13,,3
10/07/2020,58,,,,,
12/07/2020,22,14,22,2,,
13/07/2020,23,11,23,2,,1
14/07/2020,20,14,21,6,,1
15/07/2020,19,15,16,10,,1
16/07/2020,40,17,14,11,,2
17/07/2020,54,12,17,6,,1
18/07/2020,42,13,24,1,,
19/07/2020,29,12,20,3,,
20/07/2020,27,8,17,3,,
21/07/2020,14,8,16,4,,1
22/07/2020,15,10,21,6,,1
23/07/2020,26,24,15,14,,2
24/07/2020,43,21,12,10,,3
25/07/2020,64,16,18,6,,2
26/07/2020,53,20,24,3,,1
27/07/2020,32,21,22,5,,1
28/07/2020,32,16,17,7,,1
29/07/2020,31,26,17,9,,2
30/07/2020,37,27,13,12,,2
31/07/2020,42,21,19,6,,1
1/08/2020,39,16,18,5,,1
2/08/2020,34,16,20,6,,1
3/08/2020,30,8,23,2,,2
4/08/2020,16,10,21,3,,1
5/08/2020,20,12,22,4,,1
6/08/2020,19,14,22,3,1,1
7/08/2020,19,11,23,1,,1
8/08/2020,20,17,25,1,,
9/08/2020,21,18,24,13,,2
10/08/2020,29,19,20,8,,2
11/08/2020,56,7,17,3,,1
12/08/2020,21,12,16,7,,1
13/08/2020,18,10,12,8,,1
14/08/2020,16,12,18,6,,2
15/08/2020,34,6,20,1,,1
16/08/2020,14,10,18,4,,1
17/08/2020,12,10,20,6,,
18/08/2020,12,9,21,5,,1
19/08/2020,14,10,21,2,,
20/08/2020,14,9,23,1,,
21/08/2020,11,7,22,1,,
22/08/2020,14,8,24,1,,
23/08/2020,17,9,20,5,,1
24/08/2020,12,10,19,3,,1
25/08/2020,12,16,20,8,,1
26/08/2020,18,27,22,5,,1
27/08/2020,30,32,19,5,,1
28/08/2020,47,19,21,3,,1
29/08/2020,35,15,23,1,,1
30/08/2020,24,16,21,5,,
31/08/2020,20,15,22,6,,1
1/09/2020,23,26,18,3,,1
2/09/2020,21,18,22,5,,1
3/09/2020,26,22,20,4,,1
4/09/2020,27,19,22,3,,1
5/09/2020,34,16,23,4,,1
6/09/2020,35,17,24,2,,1
7/09/2020,23,23,21,3,,1
8/09/2020,31,17,24,4,,1
9/09/2020,21,21,20,6,,1
10/09/2020,25,20,20,4,,1
11/09/2020,19,11,15,4,,1
12/09/2020,17,8,22,,,1
13/09/2020,24,19,22,3,,
14/09/2020,28,29,21,5,,1
15/09/2020,35,32,20,8,,1
16/09/2020,35,17,20,5,,1
17/09/2020,22,17,20,4,,1
18/09/2020,17,17,25,5,,1
19/09/2020,32,6,27,1,,1
20/09/2020,13,19,23,3,,
21/09/2020,18,24,20,3,,
22/09/2020,19,9,22,1,,
23/09/2020,11,8,21,3,3,
24/09/2020,10,6,19,3,,1
25/09/2020,16,8,22,,,
26/09/2020,14,13,24,3,,
27/09/2020,23,15,24,6,,1
28/09/2020,23,21,20,9,,2
29/09/2020,29,11,20,4,,1
30/09/2020,12,22,21,3,,
1/04/2020,35,13,18,5,,1
2/04/2020,31,10,22,5,,1
3/04/2020,24,5,19,1,,
4/04/2020,19,8,16,,,1
5/04/2020,15,12,16,2,,
6/04/2020,14,15,17,5,,
7/04/2020,17,8,15,2,,
8/04/2020,11,12,17,6,,
9/04/2020,23,12,20,4,,
10/04/2020,32,14,18,,,
11/04/2020,30,9,19,1,,
12/04/2020,19,12,21,3,,
13/04/2020,17,22,9,14,,1
14/04/2020,46,27,20,11,,1
15/04/2020,45,14,17,4,,
16/04/2020,26,13,18,1,,
17/04/2020,18,9,17,1,,
18/04/2020,12,7,21,1,,
19/04/2020,25,19,19,4,,
20/04/2020,31,22,17,7,,
21/04/2020,35,20,19,4,,7
22/04/2020,33,26,13,10,,2
23/04/2020,34,18,12,8,,3
24/04/2020,38,20,19,5,,2
25/04/2020,43,12,18,2,,1
26/04/2020,27,18,17,8,,1
27/04/2020,27,17,18,9,,3
28/04/2020,33,6,15,5,2,1
29/04/2020,16,7,18,3,,1
30/04/2020,11,6,20,1,,
1/05/2020,16,9,20,,,
2/05/2020,24,17,18,1,,1
3/05/2020,33,8,15,5,,1
4/05/2020,16,8,13,11,,3
5/05/2020,31,22,16,8,,2
6/05/2020,42,30,17,5,1,1
7/05/2020,28,18,16,8,,1
8/05/2020,28,3,20,1,,
9/05/2020,21,2,18,1,,
10/05/2020,14,8,16,5,,1
11/05/2020,18,15,15,6,,1
12/05/2020,18,8,16,6,,
13/05/2020,24,15,17,7,,
14/05/2020,23,19,17,10,,2
15/05/2020,25,20,17,10,,3
18/05/2020,35,12,13,5,3,1
19/05/2020,20,10,17,4,,
20/05/2020,16,11,18,4,,
21/05/2020,23,22,15,9,,1
22/05/2020,34,7,17,4,,
23/05/2020,28,11,23,4,,
24/05/2020,21,17,18,8,,1
25/05/2020,39,19,7,11,,3
26/05/2020,46,21,10,11,,3
27/05/2020,54,15,15,9,,1
28/05/2020,25,17,16,9,,
29/05/2020,31,8,20,3,1,
30/05/2020,20,15,20,2,,
31/05/2020,23,6,19,2,1,
1/06/2020,18,7,20,1,,
2/06/2020,11,21,22,4,,
3/06/2020,33,31,20,12,,2
4/06/2020,41,20,15,7,,1
5/06/2020,48,9,21,2,,
6/06/2020,24,8,21,4,,
7/06/2020,21,7,15,6,,1
8/06/2020,30,18,13,12,,2
9/06/2020,50,23,13,12,,2
10/06/2020,59,20,11,11,,2
11/06/2020,45,20,8,13,,5
12/06/2020,52,9,15,4,1,2
13/06/2020,32,9,20,,,1
14/06/2020,18,4,16,4,,1
15/06/2020,12,,16,4,,1
16/06/2020,19,,15,12,,2
17/06/2020,31,,14,11,,3
18/06/2020,43,,14,4,,1
19/06/2020,22,,18,4,,1
20/06/2020,24,,12,8,,3
21/06/2020,48,,19,2,,1
22/06/2020,15,,16,6,,1
23/06/2020,15,19,15,7,,1
24/06/2020,18,11,15,7,,1
25/06/2020,21,13,16,6,,
26/06/2020,24,17,16,8,,2
27/06/2020,37,18,18,9,2,3
28/06/2020,64,30,8,15,1,4
29/06/2020,74,19,13,13,,4
30/06/2020,51,22,14,5,1,1
1/01/2020,34,19,17,3,,
2/01/2020,22,59,37,3,1,4
3/01/2020,58,39,26,2,1,2
4/01/2020,80,15,13,1,,1
5/01/2020,25,71,23,6,1,15
6/01/2020,92,11,20,2,,4
7/01/2020,51,19,20,4,1,1
8/01/2020,47,27,38,4,1,4
9/01/2020,26,39,30,6,,4
10/01/2020,68,14,14,1,,
11/01/2020,31,6,12,1,,
12/01/2020,12,107,78,6,1,14
13/01/2020,43,119,50,7,,17
14/01/2020,188,132,68,15,1,15
15/01/2020,202,18,22,2,,5
16/01/2020,88,12,16,1,,
17/01/2020,31,23,30,2,,2
18/01/2020,41,28,32,3,1,3
19/01/2020,64,8,15,1,,1
20/01/2020,24,12,18,1,,
21/01/2020,39,,28,5,1,1
24/01/2020,39,14,16,2,,
25/01/2020,21,14,15,2,,1
26/01/2020,15,17,18,2,,
27/01/2020,20,20,17,3,,
28/01/2020,20,25,24,4,,1
29/01/2020,29,29,59,9,2,1
30/01/2020,35,52,33,11,,2
31/01/2020,42,9,13,2,,1
1/02/2020,21,9,14,,,
2/02/2020,7,14,13,1,,
4/02/2020,28,18,16,3,,
5/02/2020,17,36,31,2,,2
6/02/2020,59,29,26,2,,2
7/02/2020,60,22,12,,,1
8/02/2020,46,32,19,1,,1
9/02/2020,36,12,14,1,,1
10/02/2020,21,14,11,2,,1
11/02/2020,21,10,12,1,,
12/02/2020,16,14,13,1,,2
13/02/2020,15,10,18,8,,1
14/02/2020,26,11,13,1,,
15/02/2020,29,16,16,1,,
16/02/2020,22,19,22,2,,1
17/02/2020,17,10,18,4,,1
18/02/2020,22,13,14,1,,
19/02/2020,23,11,13,2,,
20/02/2020,17,9,13,2,,
21/02/2020,18,11,15,2,,
22/02/2020,13,16,26,2,,1
23/02/2020,22,19,18,4,1,1
24/02/2020,29,15,15,5,,1
25/02/2020,23,14,14,2,,
26/02/2020,18,16,16,3,,
27/02/2020,20,11,12,2,,
28/02/2020,12,6,13,2,,
29/02/2020,10,15,21,2,,
1/03/2020,15,12,17,2,,
2/03/2020,25,10,11,2,,
3/03/2020,10,22,10,7,,1
4/03/2020,29,11,15,4,,1
5/03/2020,17,11,16,2,,
6/03/2020,25,11,14,,10,
7/03/2020,9,9,15,,,
8/03/2020,16,8,17,1,,
9/03/2020,13,15,18,5,,
10/03/2020,13,21,29,9,,1
11/03/2020,26,23,33,7,,1
12/03/2020,26,22,21,5,,
13/03/2020,23,17,16,,,
14/03/2020,14,5,11,1,,1
15/03/2020,21,18,19,6,,1
16/03/2020,30,24,21,7,,2
17/03/2020,20,29,17,7,,1
18/03/2020,16,36,18,12,,2
19/03/2020,29,15,15,2,,
20/03/2020,21,22,18,1,,
21/03/2020,27,15,16,1,,
22/03/2020,24,13,16,2,,
23/03/2020,19,12,16,3,,
24/03/2020,11,15,16,4,,
25/03/2020,16,14,18,2,,
26/03/2020,16,24,26,6,,1
27/03/2020,27,22,25,4,,1
28/03/2020,31,27,19,2,,
29/03/2020,19,,,,,
1/10/2019,22,29,25,12,2,2
2/10/2019,28,25,23,6,1,1
3/10/2019,33,7,19,4,,1
4/10/2019,23,13,19,6,1,1
5/10/2019,15,14,21,3,,1
6/10/2019,28,8,18,3,,
7/10/2019,23,7,20,2,,1
9/10/2019,10,6,20,3,,1
10/10/2019,12,12,20,5,1,1
11/10/2019,13,14,24,1,1,1
12/10/2019,18,12,24,3,,1
13/10/2019,18,14,25,6,,1
14/10/2019,13,10,19,3,,1
15/10/2019,27,8,19,4,1,1
16/10/2019,10,11,19,1,,
17/10/2019,18,23,20,3,,
18/10/2019,22,11,20,1,,
19/10/2019,23,13,20,1,1,1
20/10/2019,25,13,20,1,,1
21/10/2019,18,16,24,3,1,1
22/10/2019,21,31,33,11,4,2
23/10/2019,30,38,31,12,1,2
24/10/2019,46,47,23,1,9,1
25/10/2019,44,9,19,1,,
26/10/2019,23,11,16,3,,
27/10/2019,21,11,21,3,,1
28/10/2019,18,24,26,7,5,1
29/10/2019,19,20,21,6,,1
30/10/2019,27,37,30,7,2,1
31/10/2019,34,50,37,6,4,2
1/11/2019,47,8,22,2,1,1
2/11/2019,33,12,19,4,1,1
3/11/2019,21,9,18,2,,1
4/11/2019,23,10,20,2,,
5/11/2019,14,20,19,2,1,1
6/11/2019,16,9,16,1,,1
7/11/2019,23,8,16,2,,1
8/11/2019,17,9,16,1,,1
9/11/2019,16,6,14,1,,1
10/11/2019,9,20,20,6,2,1
11/11/2019,10,18,17,1,1,1
12/11/2019,28,13,15,1,1,1
13/11/2019,30,8,12,1,,1
14/11/2019,14,11,17,1,,
15/11/2019,13,15,18,1,,1
16/11/2019,31,15,18,2,,1
17/11/2019,22,17,18,3,1,1
18/11/2019,16,15,16,4,,1
19/11/2019,17,19,35,5,1,1
20/11/2019,11,69,30,2,6,1
21/11/2019,36,8,17,3,,1
22/11/2019,39,12,16,2,,1
23/11/2019,26,13,22,3,3,1
24/11/2019,36,23,18,5,1,1
25/11/2019,29,9,14,1,,1
26/11/2019,23,18,19,2,,1
27/11/2019,23,16,16,3,,1
28/11/2019,22,21,17,4,1,1
29/11/2019,24,8,15,2,,1
30/11/2019,28,5,16,1,,1
1/12/2019,12,12,17,1,,
3/12/2019,17,9,17,1,1,1
4/12/2019,22,13,16,1,,1
5/12/2019,20,18,16,1,1,1
6/12/2019,23,22,15,1,,1
7/12/2019,32,15,19,2,,1
8/12/2019,23,30,28,6,1,1
9/12/2019,22,13,17,1,,1
10/12/2019,31,13,15,1,1,
11/12/2019,22,13,12,1,,
12/12/2019,17,16,12,1,,
13/12/2019,23,6,8,1,,
14/12/2019,10,9,15,1,,
15/12/2019,11,14,14,3,,1
16/12/2019,18,17,21,6,1,1
17/12/2019,23,33,52,9,3,1
18/12/2019,26,20,20,1,,1
19/12/2019,40,50,39,6,2,2
21/12/2019,65,26,16,1,,
22/12/2019,46,26,17,1,1,1
23/12/2019,42,20,18,2,1,
24/12/2019,37,40,42,3,,4
25/12/2019,54,19,18,1,,1
26/12/2019,77,16,14,2,,
27/12/2019,34,27,28,3,1,1
28/12/2019,46,16,19,2,,1
29/12/2019,46,,,,,
1/07/2019,17,19,18,5,,
2/07/2019,14,14,14,11,1,2
3/07/2019,21,14,16,11,2,3
4/07/2019,36,,5,17,3,5
5/07/2019,53,,16,9,1,5
6/07/2019,61,,13,8,1,2
7/07/2019,35,,19,5,,2
8/07/2019,23,,18,7,3,1
9/07/2019,14,22,25,3,8,2
11/07/2019,24,9,24,1,,1
12/07/2019,34,7,23,1,,1
13/07/2019,24,9,24,1,,
14/07/2019,19,8,20,2,,
15/07/2019,27,7,19,2,,
16/07/2019,15,8,20,3,,1
17/07/2019,10,16,17,5,,1
18/07/2019,26,21,19,9,1,1
19/07/2019,25,7,17,2,8,1
20/07/2019,29,18,22,5,19,1
21/07/2019,20,22,19,5,12,1
22/07/2019,33,11,22,4,4,1
23/07/2019,22,13,19,7,1,1
24/07/2019,22,11,16,8,1,2
25/07/2019,14,12,13,11,1,1
26/07/2019,16,9,17,5,1,2
27/07/2019,27,5,23,2,,1
28/07/2019,23,11,19,5,,1
29/07/2019,21,10,22,5,1,
30/07/2019,21,17,18,10,1,1
31/07/2019,22,12,19,4,,1
1/08/2019,21,13,21,4,,1
2/08/2019,18,8,19,2,,1
3/08/2019,13,7,20,4,1,1
4/08/2019,14,10,17,6,7,1
5/08/2019,22,6,15,3,8,1
6/08/2019,22,,,,,
9/08/2019,12,7,23,1,,
10/08/2019,22,11,24,1,,1
11/08/2019,18,9,22,4,,
12/08/2019,16,9,16,3,,1
13/08/2019,10,13,15,8,1,1
14/08/2019,15,15,15,5,6,1
15/08/2019,18,11,17,5,2,1
16/08/2019,19,9,23,6,1,2
17/08/2019,17,6,24,1,2,1
18/08/2019,19,10,22,2,,1
19/08/2019,16,10,21,1,,1
20/08/2019,12,10,21,1,,
21/08/2019,11,20,21,8,,1
22/08/2019,31,18,18,7,6,1
23/08/2019,38,18,20,3,15,
24/08/2019,33,9,20,4,1,2
25/08/2019,22,12,19,6,1,1
26/08/2019,19,10,19,5,,1
27/08/2019,19,13,19,4,,
28/08/2019,14,12,24,6,1,2
29/08/2019,24,20,18,13,1,2
30/08/2019,30,14,22,7,3,3
31/08/2019,48,7,20,1,20,1
1/09/2019,16,10,19,5,6,1
2/09/2019,10,17,18,9,2,1
3/09/2019,22,13,20,5,,2
4/09/2019,26,13,15,10,1,2
5/09/2019,24,8,22,4,,1
6/09/2019,30,8,23,1,,1
7/09/2019,24,8,23,1,,1
8/09/2019,15,14,21,3,,
9/09/2019,26,13,20,6,,1
10/09/2019,22,11,19,6,4,1
11/09/2019,23,21,18,4,2,
12/09/2019,22,20,18,3,,1
13/09/2019,29,21,20,3,2,2
14/09/2019,27,8,22,3,1,1
15/09/2019,33,14,22,5,,1
16/09/2019,28,14,23,10,1,1
17/09/2019,27,18,22,9,6,1
18/09/2019,27,14,26,7,1,2
19/09/2019,25,21,26,4,1,1
20/09/2019,19,16,22,1,,1
21/09/2019,33,5,21,1,,1
22/09/2019,19,6,20,2,,1
23/09/2019,9,8,19,3,,1
24/09/2019,7,11,19,5,1,2
25/09/2019,11,14,19,8,2,1
26/09/2019,16,12,19,2,3,1
27/09/2019,26,12,22,2,,1
28/09/2019,27,11,21,2,1,
29/09/2019,24,14,23,4,1,
30/09/2019,21,21,23,10,1,1
1/04/2019,16,23,20,12,2,1
2/04/2019,20,27,16,7,1,1
3/04/2019,25,36,17,8,1,1
4/04/2019,36,37,27,8,2,1
5/04/2019,40,19,19,2,,
6/04/2019,33,18,21,3,,
7/04/2019,24,13,15,3,,
8/04/2019,15,12,15,3,,
9/04/2019,23,10,17,4,,
10/04/2019,22,13,11,8,1,1
11/04/2019,10,22,23,11,1,2
12/04/2019,21,19,23,4,1,1
13/04/2019,35,16,26,3,1,
14/04/2019,28,41,29,12,1,2
15/04/2019,40,55,23,9,1,1
16/04/2019,59,53,22,4,1,2
17/04/2019,45,19,19,3,,1
18/04/2019,37,18,22,6,1,1
19/04/2019,21,30,34,10,1,2
20/04/2019,38,26,20,3,1,2
21/04/2019,50,16,20,5,1,1
22/04/2019,28,16,19,6,1,1
23/04/2019,18,15,18,6,2,
24/04/2019,17,17,20,2,,
25/04/2019,25,18,19,2,,1
26/04/2019,21,12,19,1,,
27/04/2019,28,7,19,5,,1
28/04/2019,15,16,18,7,1,1
29/04/2019,13,38,24,9,2,3
30/04/2019,36,27,20,3,1,1
1/05/2019,35,9,18,7,3,1
2/05/2019,19,14,18,8,1,1
3/05/2019,20,10,19,2,1,1
4/05/2019,12,8,19,4,,1
5/05/2019,14,9,18,8,1,1
6/05/2019,12,17,22,7,4,1
7/05/2019,21,9,19,5,,
8/05/2019,17,19,17,5,6,
9/05/2019,22,9,20,1,,
10/05/2019,16,8,16,1,,
11/05/2019,21,5,17,3,,
12/05/2019,9,10,15,7,1,1
13/05/2019,10,18,15,11,1,2
14/05/2019,18,21,16,11,1,1
15/05/2019,29,19,18,11,3,2
16/05/2019,30,29,19,13,2,3
17/05/2019,51,29,21,13,2,3
18/05/2019,64,19,20,8,1,3
19/05/2019,72,14,13,7,2,1
20/05/2019,40,17,13,12,1,1
21/05/2019,27,23,15,11,1,2
22/05/2019,24,28,19,10,1,4
23/05/2019,48,18,15,7,1,1
24/05/2019,25,8,17,3,,1
25/05/2019,19,8,21,1,,
26/05/2019,17,11,20,1,,1
27/05/2019,17,8,22,1,,1
28/05/2019,21,7,21,2,,1
29/05/2019,18,11,18,3,,1
30/05/2019,20,14,17,5,1,1
31/05/2019,15,20,20,6,,1
1/06/2019,30,4,20,1,,1
2/06/2019,25,10,23,1,,
3/06/2019,11,11,22,4,,1
4/06/2019,23,11,18,3,,
5/06/2019,18,10,18,4,,
6/06/2019,11,19,17,9,5,6
7/06/2019,16,18,15,11,4,4
8/06/2019,56,16,17,5,5,2
9/06/2019,51,10,22,3,3,1
10/06/2019,23,18,16,8,2,2
11/06/2019,27,7,17,6,5,1
12/06/2019,17,13,19,8,1,1
13/06/2019,21,11,16,7,3,1
14/06/2019,18,14,17,8,1,2
15/06/2019,19,13,12,9,1,3
16/06/2019,41,12,12,10,8,2
17/06/2019,37,7,17,5,2,1
18/06/2019,20,10,14,9,,1
19/06/2019,19,7,12,9,4,1
20/06/2019,23,8,17,7,3,1
21/06/2019,21,9,17,8,1,1
22/06/2019,18,8,15,5,3,2
23/06/2019,29,21,5,15,3,4
24/06/2019,48,42,6,18,3,7
25/06/2019,76,30,6,17,1,7
26/06/2019,69,9,17,7,10,2
27/06/2019,40,10,15,4,2,
28/06/2019,16,5,23,1,1,
29/06/2019,10,10,22,2,,
30/06/2019,14,13,17,5,1,1
1/01/2019,17,14,11,2,,
2/01/2019,19,29,22,3,3,1
3/01/2019,25,40,27,5,1,2
4/01/2019,49,22,13,1,,1
5/01/2019,48,11,13,1,,
6/01/2019,21,10,14,1,1,
7/01/2019,9,19,14,4,,1
8/01/2019,14,19,12,2,,
9/01/2019,25,19,15,3,1,
10/01/2019,21,29,27,5,1,2
11/01/2019,20,32,17,5,1,1
12/01/2019,37,31,16,1,1,1
13/01/2019,36,39,31,5,1,2
14/01/2019,40,23,24,5,,1
15/01/2019,49,23,17,6,1,1
16/01/2019,42,32,29,5,,2
17/01/2019,33,21,15,6,1,1
18/01/2019,36,5,14,2,,
19/01/2019,33,8,11,2,,1
20/01/2019,21,9,14,1,1,1
21/01/2019,21,,13,2,,1
22/01/2019,28,6,11,2,,
23/01/2019,22,33,35,6,1,2
24/01/2019,30,54,34,4,,2
25/01/2019,54,12,16,1,,1
26/01/2019,43,16,16,1,,
27/01/2019,15,22,28,2,1,
28/01/2019,21,28,26,5,2,1
29/01/2019,30,32,35,7,1,2
30/01/2019,33,17,13,1,,1
31/01/2019,34,19,15,2,,
1/02/2019,16,40,47,,1,2
2/02/2019,35,37,42,,1,2
3/02/2019,66,16,13,1,,1
4/02/2019,47,26,19,2,,2
5/02/2019,28,19,32,4,,2
6/02/2019,40,14,31,8,1,2
7/02/2019,36,16,19,3,,1
8/02/2019,42,18,12,2,,1
9/02/2019,17,14,17,3,,1
10/02/2019,21,13,14,5,1,
11/02/2019,16,14,15,2,,1
12/02/2019,11,20,12,3,,
13/02/2019,22,16,5,6,,1
14/02/2019,27,12,13,1,,1
16/02/2019,22,15,23,5,1,1
17/02/2019,30,22,16,3,1,1
18/02/2019,25,19,14,3,,
19/02/2019,30,17,12,3,,1
20/02/2019,20,18,14,3,,
21/02/2019,19,9,14,2,,
22/02/2019,17,13,15,1,,1
23/02/2019,6,26,38,3,1,
24/02/2019,20,44,35,7,2,2
25/02/2019,39,33,22,6,,
26/02/2019,42,32,23,6,2,1
27/02/2019,35,49,35,8,1,2
28/02/2019,42,43,43,7,,1
1/03/2019,46,32,38,8,,1
2/03/2019,36,35,27,4,2,1
3/03/2019,32,19,16,5,1,1
4/03/2019,30,19,15,5,,
5/03/2019,21,8,14,2,,1
6/03/2019,15,18,21,6,1,1
7/03/2019,15,33,19,11,6,2
8/03/2019,27,38,37,7,2,2
9/03/2019,44,,,,,
10/03/2019,68,,,,,
13/03/2019,23,21,21,6,1,1
14/03/2019,21,23,14,6,,1
15/03/2019,24,,26,5,2,2
19/03/2019,17,2,11,1,,1
20/03/2019,10,,,,,
22/03/2019,38,3,12,6,1,1
23/03/2019,37,4,25,2,2,1
24/03/2019,23,10,19,1,,1
25/03/2019,22,3,17,2,,
26/03/2019,33,3,21,7,5,1
27/03/2019,33,31,20,11,6,6
28/03/2019,30,32,22,8,1,4
29/03/2019,24,7,15,1,,
30/03/2019,19,7,14,2,,1
31/03/2019,7,12,19,6,1,1
1/10/2018,26,29,21,12,3,
2/10/2018,31,15,24,3,,1
3/10/2018,27,18,22,3,1,1
4/10/2018,24,18,22,4,1,1
5/10/2018,21,17,25,6,1,1
6/10/2018,21,21,29,8,1,1
7/10/2018,38,24,31,9,3,1
8/10/2018,39,11,21,8,2,1
9/10/2018,37,19,22,1,,
10/10/2018,33,16,22,2,,
11/10/2018,21,18,23,7,1,1
12/10/2018,20,17,29,6,1,
13/10/2018,18,17,26,6,1,1
14/10/2018,21,21,24,4,1,2
15/10/2018,18,15,19,6,,2
16/10/2018,17,8,23,6,1,1
17/10/2018,21,4,11,4,,
18/10/2018,8,13,26,8,1,2
19/10/2018,11,9,20,4,1,1
20/10/2018,24,8,19,4,1,1
21/10/2018,26,21,24,6,2,1
22/10/2018,17,17,20,4,1,1
23/10/2018,28,23,21,5,,1
24/10/2018,25,23,24,6,1,1
25/10/2018,16,13,18,4,1,1
26/10/2018,19,12,19,2,,
27/10/2018,16,15,22,1,,1
28/10/2018,27,23,22,3,,1
29/10/2018,21,28,24,7,1,1
30/10/2018,26,16,18,4,1,
31/10/2018,30,28,30,11,2,1
1/11/2018,23,37,34,6,1,1
2/11/2018,31,19,19,2,1,1
3/11/2018,51,13,18,2,,1
4/11/2018,36,11,28,6,,2
5/11/2018,21,8,20,3,,1
6/11/2018,29,10,17,2,,
7/11/2018,37,11,18,4,,1
8/11/2018,9,12,17,6,1,1
9/11/2018,16,12,18,4,,1
10/11/2018,13,11,20,5,,1
11/11/2018,19,24,27,11,2,1
12/11/2018,16,32,31,10,1,2
13/11/2018,31,9,18,4,1,1
14/11/2018,22,12,17,3,,
15/11/2018,23,17,20,5,1,1
16/11/2018,18,,17,1,,1
17/11/2018,16,,26,2,1,1
18/11/2018,11,29,36,5,1,1
19/11/2018,23,25,22,6,3,2
20/11/2018,23,11,20,2,1,2
21/11/2018,20,17,18,4,3,1
22/11/2018,12,11,14,2,1,1
24/11/2018,18,10,15,2,,1
25/11/2018,15,15,16,3,,1
26/11/2018,22,16,18,2,,1
27/11/2018,20,14,15,1,,
28/11/2018,29,10,15,2,,1
29/11/2018,21,14,17,4,,
30/11/2018,19,37,25,4,2,
1/12/2018,21,13,16,1,1,1
2/12/2018,31,13,12,1,,
3/12/2018,24,11,12,2,1,1
4/12/2018,24,14,17,2,1,1
5/12/2018,17,32,35,7,1,1
6/12/2018,36,65,31,5,4,2
7/12/2018,49,21,30,3,,2
8/12/2018,43,14,14,1,1,1
9/12/2018,31,14,13,3,1,
10/12/2018,28,21,18,3,1,1
11/12/2018,22,28,36,7,1,1
12/12/2018,44,11,25,5,1,1
13/12/2018,33,19,17,4,1,1
14/12/2018,44,20,25,2,1,1
15/12/2018,50,17,25,4,1,1
16/12/2018,34,13,13,4,,1
17/12/2018,39,10,14,2,,1
18/12/2018,22,16,20,3,1,1
19/12/2018,32,15,14,4,,1
20/12/2018,45,12,14,2,,
21/12/2018,25,9,13,2,1,
22/12/2018,19,9,20,3,1,
23/12/2018,18,15,34,6,2,
24/12/2018,20,17,16,3,,1
25/12/2018,21,18,13,4,1,1
26/12/2018,27,25,44,6,2,2
27/12/2018,22,23,23,5,2,1
28/12/2018,40,17,14,4,47,2
29/12/2018,24,21,13,1,37,1
30/12/2018,31,,,,,
1/07/2018,20,21,9,15,4,4
2/07/2018,44,29,13,13,2,1
3/07/2018,46,32,16,8,2,
4/07/2018,34,12,14,10,10,
5/07/2018,38,9,20,4,1,
6/07/2018,38,11,22,2,,
7/07/2018,35,10,20,2,,
8/07/2018,30,11,18,7,,
9/07/2018,27,10,18,8,,2
10/07/2018,14,8,14,11,3,2
11/07/2018,10,11,9,13,1,2
12/07/2018,27,12,12,9,1,3
13/07/2018,21,13,13,10,3,3
14/07/2018,16,10,16,6,3,1
15/07/2018,22,14,13,6,3,2
16/07/2018,18,28,18,4,8,1
17/07/2018,19,16,11,6,14,1
18/07/2018,18,16,11,4,1,2
19/07/2018,18,9,12,4,,1
20/07/2018,15,9,11,5,,1
21/07/2018,23,7,12,4,5,1
22/07/2018,27,15,11,3,4,
23/07/2018,24,19,13,3,6,1
24/07/2018,19,18,18,5,1,1
25/07/2018,34,14,20,12,2,
26/07/2018,27,16,18,12,,1
27/07/2018,34,15,14,9,1,1
28/07/2018,36,6,25,1,1,1
29/07/2018,22,9,22,4,2,1
30/07/2018,19,13,23,4,4,
31/07/2018,21,20,22,10,2,2
1/08/2018,31,22,21,10,3,3
2/08/2018,43,12,20,5,7,
3/08/2018,28,8,20,3,3,
4/08/2018,19,7,24,2,2,
5/08/2018,17,6,22,3,1,1
6/08/2018,15,10,23,3,,1
7/08/2018,17,12,23,4,1,1
8/08/2018,26,18,20,7,,1
9/08/2018,49,13,24,3,4,
10/08/2018,28,,24,2,,
11/08/2018,20,2,24,1,,
12/08/2018,20,5,22,2,,1
13/08/2018,15,16,23,5,1,1
14/08/2018,22,14,22,2,,4
15/08/2018,16,11,22,5,,3
16/08/2018,15,12,21,8,4,3
17/08/2018,10,4,24,1,1,1
18/08/2018,2,9,24,2,1,
19/08/2018,10,7,22,3,,
20/08/2018,16,7,21,3,1,2
21/08/2018,11,8,20,6,1,1
22/08/2018,13,20,19,14,2,3
23/08/2018,29,24,19,15,2,6
24/08/2018,44,14,20,8,1,5
28/08/2018,28,16,22,11,2,3
29/08/2018,55,18,14,13,1,3
30/08/2018,58,14,21,6,2,1
31/08/2018,29,9,23,2,1,
1/09/2018,25,9,23,2,,
2/09/2018,22,12,23,12,1,4
3/09/2018,19,19,19,11,2,3
4/09/2018,31,13,23,6,2,1
5/09/2018,31,11,20,4,2,1
6/09/2018,12,13,21,6,1,2
7/09/2018,11,13,23,5,5,2
8/09/2018,13,12,22,1,1,1
9/09/2018,6,12,19,7,3,1
10/09/2018,6,34,22,8,3,2
11/09/2018,15,18,23,4,,1
12/09/2018,25,16,21,7,1,1
13/09/2018,21,36,21,8,4,1
14/09/2018,27,13,23,1,7,1
15/09/2018,28,8,21,2,,1
16/09/2018,18,15,21,6,2,2
17/09/2018,21,22,19,4,2,1
18/09/2018,18,9,21,5,1,1
19/09/2018,18,10,21,5,,1
20/09/2018,20,12,18,9,1,2
21/09/2018,17,10,21,5,,2
22/09/2018,19,10,24,2,,1
23/09/2018,22,14,23,2,,
24/09/2018,18,9,23,4,,
25/09/2018,19,18,24,10,2,1
26/09/2018,17,31,25,7,1,2
27/09/2018,36,6,19,2,,1
28/09/2018,20,7,20,1,,1
29/09/2018,13,9,22,5,1,2
30/09/2018,15,17,24,10,2,2
1/04/2018,26,13,18,2,1,
2/04/2018,23,13,17,6,1,2
3/04/2018,13,14,19,6,,1
4/04/2018,16,18,22,7,,1
5/04/2018,1,11,16,5,,2
10/04/2018,30,14,19,3,1,2
11/04/2018,37,24,20,5,,1
12/04/2018,28,18,21,7,,1
13/04/2018,23,,19,1,,
14/04/2018,25,,16,1,,
15/04/2018,17,,17,2,,
16/04/2018,7,17,17,3,,
17/04/2018,33,29,14,12,6,2
18/04/2018,28,30,26,13,1,3
19/04/2018,53,23,25,13,,3
20/04/2018,61,27,24,8,2,3
21/04/2018,67,19,24,6,,2
22/04/2018,80,32,24,11,1,3
23/04/2018,62,26,17,7,,2
24/04/2018,74,14,20,6,,1
25/04/2018,23,23,18,8,,1
26/04/2018,13,19,19,8,,2
27/04/2018,16,12,20,7,3,2
28/04/2018,32,11,18,5,1,2
29/04/2018,21,11,17,5,,1
30/04/2018,17,59,11,25,3,3
1/05/2018,51,71,20,17,5,3
2/05/2018,72,56,15,8,3,1
3/05/2018,50,11,19,3,,
4/05/2018,22,10,18,4,,
5/05/2018,12,10,19,8,,
6/05/2018,18,19,20,7,,
7/05/2018,21,36,19,11,2,4
8/05/2018,70,29,19,8,1,2
9/05/2018,179,5,19,3,,1
10/05/2018,20,21,21,2,,
11/05/2018,16,15,21,1,,
12/05/2018,44,11,19,6,,2
13/05/2018,19,16,15,10,2,2
14/05/2018,26,12,18,7,1,2
15/05/2018,29,12,19,6,1,1
16/05/2018,28,9,17,3,,1
17/05/2018,17,7,16,5,12,2
18/05/2018,10,6,19,2,7,1
19/05/2018,11,8,18,1,5,
20/05/2018,12,7,18,2,11,
21/05/2018,16,9,16,2,22,1
22/05/2018,18,9,15,2,1,1
23/05/2018,20,15,17,6,14,1
24/05/2018,26,25,22,10,2,2
25/05/2018,26,30,11,16,3,5
26/05/2018,56,20,19,7,2,6
27/05/2018,68,20,17,6,2,
28/05/2018,41,16,21,8,1,1
29/05/2018,29,12,20,3,1,1
30/05/2018,27,21,21,10,2,4
31/05/2018,28,21,17,12,2,3
1/06/2018,36,18,16,13,2,5
2/06/2018,51,10,18,9,1,3
3/06/2018,55,8,13,7,,3
4/06/2018,33,10,18,11,1,2
5/06/2018,22,16,6,16,2,4
6/06/2018,40,13,15,6,2,2
7/06/2018,39,13,20,6,,1
8/06/2018,17,11,17,9,1,2
9/06/2018,21,15,18,9,2,4
10/06/2018,47,8,18,6,1,4
11/06/2018,60,4,20,4,1,1
12/06/2018,22,9,19,7,1,2
13/06/2018,17,10,22,6,,1
14/06/2018,12,6,23,3,,1
15/06/2018,16,4,22,1,1,1
16/06/2018,17,9,23,2,,1
17/06/2018,17,17,23,11,1,2
18/06/2018,23,23,2,15,3,7
19/06/2018,38,25,7,13,2,4
20/06/2018,54,18,11,11,2,4
21/06/2018,42,18,12,11,1,4
22/06/2018,36,9,14,6,,1
23/06/2018,30,10,19,4,,1
24/06/2018,22,18,18,11,1,2
25/06/2018,18,19,11,12,2,2
26/06/2018,27,23,2,12,3,
27/06/2018,57,29,2,15,3,6
28/06/2018,82,26,14,11,2,5
29/06/2018,84,8,18,4,3,1
30/06/2018,32,11,17,6,2,4
1/01/2018,16,13,18,3,,
2/01/2018,21,16,15,2,,
3/01/2018,17,17,13,3,1,
4/01/2018,18,18,21,5,1,
5/01/2018,16,39,28,4,1,1
6/01/2018,26,27,15,1,,
7/01/2018,44,20,14,4,,
8/01/2018,38,27,15,3,,
9/01/2018,34,25,18,3,1,
10/01/2018,26,34,27,6,1,2
11/01/2018,29,21,42,6,54,1
12/01/2018,41,10,13,2,,1
13/01/2018,39,11,14,,,
14/01/2018,21,14,11,2,,
15/01/2018,11,29,15,1,,
16/01/2018,29,27,14,8,,
17/01/2018,32,40,35,9,1,2
18/01/2018,30,36,28,9,,1
19/01/2018,40,29,14,1,,1
20/01/2018,27,32,22,3,,
21/01/2018,43,16,14,2,,1
22/01/2018,54,14,14,5,,1
23/01/2018,34,21,14,4,,
24/01/2018,23,25,24,2,2,2
25/01/2018,32,13,20,2,,1
26/01/2018,49,15,32,2,,
27/01/2018,41,14,52,3,,3
28/01/2018,48,19,25,4,,2
29/01/2018,39,9,13,3,,1
30/01/2018,31,14,15,2,,
31/01/2018,22,12,13,3,,
1/02/2018,16,12,12,2,,
2/02/2018,12,12,13,1,2,
3/02/2018,17,8,14,2,2,
4/02/2018,17,17,15,4,,1
5/02/2018,13,21,20,4,1,2
6/02/2018,17,25,33,6,1,
7/02/2018,29,16,21,5,,
8/02/2018,29,10,17,3,,
9/02/2018,25,23,24,7,,
10/02/2018,20,14,16,1,,
11/02/2018,34,16,17,3,,
12/02/2018,22,21,24,4,,1
13/02/2018,10,28,16,5,,1
14/02/2018,30,22,15,5,,
15/02/2018,34,26,16,3,,
16/02/2018,17,31,18,4,,
17/02/2018,33,17,16,3,,
18/02/2018,21,14,13,1,,
19/02/2018,12,20,17,3,2,
20/02/2018,21,32,26,7,1,1
21/02/2018,23,28,32,6,3,
22/02/2018,30,22,27,9,5,3
23/02/2018,27,20,21,4,1,1
24/02/2018,38,16,16,1,,
25/02/2018,35,23,17,4,2,
26/02/2018,23,27,30,7,1,2
27/02/2018,25,49,22,4,2,
28/02/2018,29,14,12,2,,
1/03/2018,25,12,17,3,,
2/03/2018,13,20,22,6,2,1
3/03/2018,16,15,17,2,,
4/03/2018,24,19,15,4,,
5/03/2018,21,20,17,2,3,
6/03/2018,14,26,29,6,2,1
7/03/2018,18,30,28,8,3,1
8/03/2018,31,21,23,6,2,2
9/03/2018,32,24,46,8,2,
10/03/2018,32,26,24,5,1,1
11/03/2018,40,16,15,1,,
12/03/2018,29,17,13,3,,
13/03/2018,18,20,14,4,,
14/03/2018,19,20,13,4,,
15/03/2018,22,29,19,6,2,2
16/03/2018,18,54,21,5,7,
17/03/2018,35,28,20,2,21,
18/03/2018,33,23,15,2,,
19/03/2018,24,18,17,4,1,
20/03/2018,24,30,19,2,2,
21/03/2018,24,40,23,6,2,1
22/03/2018,18,28,28,8,2,2
23/03/2018,25,14,20,6,1,2
24/03/2018,14,11,18,4,1,1
25/03/2018,19,10,15,2,,
26/03/2018,28,21,18,6,4,
27/03/2018,19,25,21,5,5,2
28/03/2018,24,11,21,5,1,1
29/03/2018,16,11,15,3,1,
30/03/2018,23,14,22,4,3,
31/03/2018,21,19,21,7,7,1
1/10/2017,25,11,19,6,,2
2/10/2017,11,26,21,11,3,2
3/10/2017,23,22,25,10,1,2
4/10/2017,23,19,22,6,,2
5/10/2017,36,12,23,3,,
6/10/2017,27,12,20,3,,
7/10/2017,11,15,26,,,
8/10/2017,22,14,22,4,,1
9/10/2017,26,16,21,8,,
10/10/2017,27,22,25,7,2,2
11/10/2017,23,14,21,2,,1
12/10/2017,25,8,21,5,1,
13/10/2017,19,,23,5,,1
14/10/2017,30,,24,4,,1
15/10/2017,25,31,22,6,,2
16/10/2017,20,31,38,10,2,2
17/10/2017,52,34,34,6,1,2
18/10/2017,39,15,23,4,,1
19/10/2017,26,23,22,4,,1
20/10/2017,33,19,21,3,,
21/10/2017,30,7,19,2,,2
22/10/2017,12,9,19,4,,1
23/10/2017,9,13,20,8,2,1
24/10/2017,13,14,19,6,,1
25/10/2017,16,14,23,5,,
26/10/2017,15,22,28,6,3,1
27/10/2017,17,19,24,2,,
28/10/2017,28,42,23,3,2,1
29/10/2017,28,13,20,3,2,
30/10/2017,34,15,19,3,1,
31/10/2017,28,14,18,3,,
1/11/2017,17,15,20,5,,2
2/11/2017,19,14,19,4,,1
3/11/2017,21,11,20,4,,
4/11/2017,23,27,21,3,,2
5/11/2017,20,13,20,4,,
6/11/2017,20,13,21,2,,
7/11/2017,15,15,19,5,,
8/11/2017,24,17,19,6,1,1
9/11/2017,21,21,21,6,2,2
10/11/2017,15,26,23,4,2,1
11/11/2017,33,20,21,4,2,
12/11/2017,33,26,29,6,1,2
13/11/2017,33,29,38,8,,1
14/11/2017,39,25,28,6,,1
15/11/2017,32,14,22,7,,1
16/11/2017,24,14,32,6,,1
17/11/2017,36,15,38,4,,1
18/11/2017,33,16,31,5,,1
19/11/2017,31,20,41,6,2,1
20/11/2017,25,21,45,7,,1
21/11/2017,23,30,13,11,2,
22/11/2017,32,19,20,4,1,
23/11/2017,36,25,30,7,2,2
24/11/2017,43,16,36,4,,1
25/11/2017,42,10,27,4,,1
26/11/2017,26,,,,,
27/11/2017,31,,,,,
28/11/2017,19,,,,,
29/11/2017,35,,37,4,,2
30/11/2017,32,,23,4,,1
1/12/2017,26,,18,1,,
2/12/2017,19,,16,1,,
3/12/2017,19,,16,3,,
4/12/2017,18,,17,4,,
5/12/2017,18,,20,2,,
6/12/2017,17,,19,4,,1
7/12/2017,21,,16,3,,
8/12/2017,18,,14,2,,
9/12/2017,15,,14,2,,
10/12/2017,14,,17,2,,
11/12/2017,16,,21,3,,
12/12/2017,13,,35,9,2,2
13/12/2017,21,25,23,5,1,1
14/12/2017,36,21,22,5,1,1
19/12/2017,46,25,17,3,2,
20/12/2017,54,20,16,2,,
21/12/2017,35,17,22,3,1,
22/12/2017,16,16,21,3,,
23/12/2017,19,18,16,1,,
24/12/2017,27,15,16,,,
25/12/2017,25,24,23,2,2,
26/12/2017,12,22,32,5,2,
27/12/2017,26,23,23,4,2,1
28/12/2017,24,15,15,2,,
29/12/2017,29,13,16,2,,
30/12/2017,30,,,,,
1/07/2017,53,12,19,7,2,4
2/07/2017,63,9,15,9,1,2
3/07/2017,26,8,20,8,1,2
4/07/2017,17,12,18,7,,1
5/07/2017,26,15,17,11,2,2
6/07/2017,28,11,16,11,1,2
7/07/2017,29,10,20,6,,1
8/07/2017,24,7,23,4,,1
9/07/2017,19,10,22,6,1,1
10/07/2017,18,17,17,11,4,3
11/07/2017,17,21,8,15,2,6
12/07/2017,50,13,18,8,3,2
13/07/2017,46,8,23,6,4,1
14/07/2017,34,10,22,8,1,3
18/07/2017,18,9,22,4,,1
19/07/2017,13,12,23,5,,2
20/07/2017,28,18,14,14,2,3
21/07/2017,27,9,18,8,3,3
25/07/2017,20,13,23,6,1,2
26/07/2017,21,11,16,11,3,2
27/07/2017,27,18,23,9,2,2
28/07/2017,27,15,22,3,5,1
29/07/2017,30,7,25,4,,2
30/07/2017,24,20,21,13,2,2
31/07/2017,30,20,20,13,2,3
1/08/2017,46,21,15,14,2,4
2/08/2017,51,16,5,16,2,4
3/08/2017,51,9,17,8,3,2
4/08/2017,52,9,25,2,2,1
5/08/2017,21,5,26,3,4,
6/08/2017,13,6,23,3,,
7/08/2017,14,8,22,3,,
8/08/2017,13,12,19,7,2,1
9/08/2017,15,24,21,5,8,
10/08/2017,18,17,24,3,,
11/08/2017,21,17,25,2,,
12/08/2017,31,8,20,4,2,1
13/08/2017,26,18,21,8,2,2
14/08/2017,15,10,20,6,2,2
15/08/2017,15,13,25,2,,1
16/08/2017,24,5,24,3,,
17/08/2017,27,7,23,3,,
18/08/2017,18,7,24,5,,2
19/08/2017,17,7,25,7,,2
20/08/2017,15,11,19,10,1,2
21/08/2017,28,14,18,8,3,2
22/08/2017,32,11,21,6,,1
23/08/2017,19,10,20,6,1,1
24/08/2017,18,14,20,7,,1
25/08/2017,22,7,25,2,,1
26/08/2017,15,10,25,3,,
27/08/2017,17,11,22,9,,2
28/08/2017,19,9,21,4,,1
29/08/2017,20,17,23,7,,1
30/08/2017,15,20,23,11,1,2
31/08/2017,31,23,21,10,2,3
1/09/2017,42,13,21,4,3,1
2/09/2017,31,10,24,2,1,1
3/09/2017,19,7,23,2,,
4/09/2017,23,6,23,2,,
5/09/2017,19,,,,,
10/09/2017,20,17,13,8,2,2
11/09/2017,24,13,20,10,3,2
12/09/2017,23,9,24,4,1,1
13/09/2017,29,12,23,2,,
14/09/2017,19,9,21,3,,2
15/09/2017,12,14,24,2,,1
16/09/2017,21,12,23,3,3,
17/09/2017,25,27,22,3,4,2
18/09/2017,20,15,23,6,,1
19/09/2017,26,20,21,9,2,1
20/09/2017,29,30,18,5,,1
21/09/2017,24,30,19,11,2,2
22/09/2017,27,15,24,5,1,1
23/09/2017,37,9,24,1,,
24/09/2017,28,10,22,3,,
25/09/2017,23,9,24,5,,2
26/09/2017,19,13,22,6,2,2
27/09/2017,17,13,23,2,1,1
28/09/2017,17,9,22,2,,
29/09/2017,18,15,23,2,,
30/09/2017,23,8,19,2,,
1/04/2017,13,9,18,1,,
2/04/2017,25,17,21,6,2,1
3/04/2017,21,25,26,12,3,2
4/04/2017,27,29,32,16,2,3
5/04/2017,68,39,23,20,3,3
6/04/2017,71,49,23,13,3,3
7/04/2017,59,27,22,5,2,
8/04/2017,37,7,21,2,1,
9/04/2017,16,11,19,2,,
10/04/2017,18,6,13,4,,1
11/04/2017,13,12,17,6,2,1
12/04/2017,12,16,18,10,1,2
13/04/2017,21,10,21,4,,2
14/04/2017,32,13,21,6,,2
15/04/2017,30,15,18,5,5,2
16/04/2017,41,10,19,6,1,1
17/04/2017,28,17,24,9,2,3
18/04/2017,28,32,17,14,1,4
19/04/2017,49,32,26,11,,3
20/04/2017,75,15,16,8,,2
21/04/2017,55,8,24,4,,
22/04/2017,28,8,21,3,,1
23/04/2017,35,13,22,7,,2
24/04/2017,26,7,20,4,,1
25/04/2017,26,7,20,3,,1
26/04/2017,28,8,18,5,,2
27/04/2017,17,7,16,3,,1
28/04/2017,6,6,16,5,,2
29/04/2017,5,6,17,3,,1
30/04/2017,19,13,17,5,2,
1/05/2017,20,12,18,5,,
2/05/2017,25,14,17,8,1,2
3/05/2017,28,15,22,11,2,2
4/05/2017,31,26,14,16,2,4
5/05/2017,46,16,21,6,,1
6/05/2017,50,7,21,2,,1
7/05/2017,33,7,20,5,,1
8/05/2017,14,9,18,8,,1
9/05/2017,15,13,20,11,3,2
10/05/2017,21,26,12,12,2,4
11/05/2017,46,25,17,9,1,6
12/05/2017,90,9,21,8,,1
13/05/2017,46,6,23,4,,2
14/05/2017,27,12,20,10,2,2
15/05/2017,28,26,9,18,3,5
16/05/2017,47,18,13,15,1,5
17/05/2017,75,24,13,12,2,5
18/05/2017,65,22,13,14,2,3
19/05/2017,62,10,19,10,4,1
20/05/2017,46,10,15,8,,3
21/05/2017,38,10,20,6,4,
22/05/2017,30,17,19,10,2,2
23/05/2017,32,12,19,5,,2
26/05/2017,22,16,17,7,4,2
27/05/2017,38,4,22,2,1,
28/05/2017,25,11,20,6,,2
29/05/2017,18,8,21,4,,1
30/05/2017,12,9,20,6,,2
31/05/2017,17,11,19,7,,1
1/06/2017,23,14,19,9,1,1
2/06/2017,23,16,13,7,1,2
3/06/2017,30,11,19,5,,3
4/06/2017,53,13,20,5,,1
5/06/2017,32,18,23,4,,
6/06/2017,29,25,24,12,2,2
7/06/2017,37,13,15,7,,2
8/06/2017,36,12,22,9,,2
9/06/2017,21,6,15,5,,2
10/06/2017,24,7,16,4,,1
11/06/2017,30,9,17,4,,1
12/06/2017,11,13,18,8,,1
13/06/2017,28,17,15,13,8,3
14/06/2017,36,23,12,15,2,5
15/06/2017,36,25,12,13,3,5
16/06/2017,44,12,15,7,1,5
17/06/2017,53,10,18,6,1,2
18/06/2017,21,12,17,9,2,2
19/06/2017,26,21,15,11,,1
20/06/2017,21,17,19,10,,1
21/06/2017,25,25,7,17,2,4
22/06/2017,47,18,17,8,,1
23/06/2017,37,10,23,5,,1
24/06/2017,28,6,23,3,,1
25/06/2017,21,10,18,8,,2
26/06/2017,8,12,12,12,,3
27/06/2017,27,14,13,12,,3
28/06/2017,28,10,19,6,,2
29/06/2017,26,18,20,11,,2
30/06/2017,32,20,15,14,1,4
2/01/2017,12,10,13,1,,
3/01/2017,15,19,28,3,1,1
4/01/2017,18,22,17,2,1,1
5/01/2017,35,27,26,3,1,2
6/01/2017,35,28,44,5,,2
7/01/2017,48,26,27,1,1,1
8/01/2017,46,19,17,1,,
9/01/2017,37,16,20,3,1,1
10/01/2017,26,23,12,1,,
11/01/2017,30,27,23,3,1,
12/01/2017,43,20,15,7,1,1
13/01/2017,25,16,12,1,,1
14/01/2017,44,16,15,1,,
15/01/2017,32,20,31,6,1,1
16/01/2017,20,25,28,14,,2
17/01/2017,32,21,14,1,,1
19/01/2017,45,12,18,2,,1
20/01/2017,30,10,13,1,,
21/01/2017,33,15,22,3,2,
22/01/2017,13,24,35,8,1,2
23/01/2017,28,19,15,2,,1
24/01/2017,37,20,13,4,1,1
25/01/2017,48,11,12,2,,
26/01/2017,24,10,14,1,,
27/01/2017,17,15,15,4,,
28/01/2017,15,19,16,2,1,
29/01/2017,25,26,21,6,1,2
30/01/2017,34,18,15,1,,1
31/01/2017,44,22,13,5,,1
1/02/2017,47,20,13,2,,
2/02/2017,36,19,17,3,,
3/02/2017,33,22,28,3,1,
4/02/2017,40,15,22,3,1,2
5/02/2017,43,10,14,1,,1
6/02/2017,34,14,17,1,1,
8/03/2017,27,,38,8,5,1
9/03/2017,35,22,28,6,,1
10/03/2017,38,23,24,3,,1
11/03/2017,38,19,30,2,1,2
12/03/2017,42,19,23,2,,
13/03/2017,37,25,33,8,3,2
14/03/2017,39,37,25,10,2,3
15/03/2017,46,24,20,3,3,1
16/03/2017,28,19,19,1,,
17/03/2017,34,24,30,6,1,2
18/03/2017,20,34,1,19,,
19/03/2017,30,19,23,4,,
21/03/2017,29,10,18,1,,1
22/03/2017,25,14,16,1,,
23/03/2017,23,13,16,5,,1
24/03/2017,15,14,33,6,,1
25/03/2017,15,12,27,3,,
26/03/2017,26,36,21,5,,1
27/03/2017,38,24,21,7,,1
28/03/2017,42,25,20,6,3,1
29/03/2017,36,9,19,2,,
30/03/2017,31,10,17,4,,1
31/03/2017,19,13,19,2,,
1/10/2016,12,9,19,2,,2
2/10/2016,17,9,19,3,,1
3/10/2016,11,11,21,3,,
4/10/2016,20,18,17,3,,
5/10/2016,27,16,16,6,2,2
6/10/2016,17,19,18,4,,1
7/10/2016,16,18,22,4,1,1
8/10/2016,33,32,20,4,1,1
9/10/2016,23,13,20,2,,1
10/10/2016,31,9,20,2,,
11/10/2016,23,12,19,4,,1
12/10/2016,12,21,21,9,1,2
13/10/2016,34,23,18,10,2,2
14/10/2016,32,30,20,5,2,1
19/10/2016,13,24,20,4,2,2
20/10/2016,17,21,18,5,4,2
21/10/2016,17,11,18,2,,1
22/10/2016,28,10,20,2,,
23/10/2016,27,11,23,5,2,2
24/10/2016,17,30,16,7,2,2
25/10/2016,18,16,16,4,,
26/10/2016,15,13,19,5,,
27/10/2016,30,21,22,8,3,2
28/10/2016,26,20,25,7,1,1
29/10/2016,28,30,21,4,5,2
30/10/2016,47,8,16,2,,
31/10/2016,34,9,16,2,,
1/11/2016,12,13,16,3,,
2/11/2016,20,14,15,5,1,
3/11/2016,21,37,21,5,1,1
4/11/2016,17,18,17,1,,
5/11/2016,45,14,17,1,,
6/11/2016,36,14,15,4,1,
7/11/2016,17,18,18,4,,
8/11/2016,33,13,15,4,1,
9/11/2016,20,9,16,5,,
10/11/2016,13,14,19,5,,1
11/11/2016,13,13,18,4,,1
12/11/2016,16,7,16,1,,
13/11/2016,21,14,12,2,,
14/11/2016,23,11,67,3,,
15/11/2016,16,9,13,4,,
16/11/2016,7,31,24,7,2,1
17/11/2016,15,27,17,3,5,1
18/11/2016,36,18,20,3,,
19/11/2016,37,23,30,4,1,2
20/11/2016,20,38,31,5,2,
21/11/2016,33,13,14,3,,1
22/11/2016,34,10,16,3,,
23/11/2016,25,11,15,2,,
24/11/2016,10,18,14,2,,1
25/11/2016,14,12,14,1,,
26/11/2016,21,8,14,1,,
27/11/2016,13,8,17,3,,
28/11/2016,6,11,16,5,,
29/11/2016,13,19,23,4,1,1
30/11/2016,21,16,19,4,,1
1/12/2016,38,18,16,2,,
2/12/2016,28,20,21,3,,
3/12/2016,25,29,29,7,5,2
4/12/2016,22,21,20,1,,1
5/12/2016,36,20,16,3,,
6/12/2016,32,21,25,6,,2
7/12/2016,20,35,21,3,3,1
8/12/2016,24,14,14,2,,
9/12/2016,34,8,14,1,,
10/12/2016,18,7,16,1,,
11/12/2016,8,25,34,7,2,2
12/12/2016,6,48,29,9,2,2
13/12/2016,34,25,17,2,,
14/12/2016,44,24,14,2,,
15/12/2016,40,30,26,5,1,2
16/12/2016,26,23,16,1,,1
24/12/2016,40,9,39,2,,1
25/12/2016,38,13,28,2,,2
26/12/2016,28,13,24,5,,3
27/12/2016,25,16,24,6,,2
28/12/2016,42,10,22,6,,2
29/12/2016,24,17,20,2,,1
30/12/2016,33,7,16,2,,1
31/12/2016,23,5,12,1,,
1/01/2017,12,8,12,1,,1
1/07/2016,14,9,20,4,,1
2/07/2016,12,5,18,4,,1
3/07/2016,17,8,15,5,4,1
4/07/2016,17,10,20,6,,2
5/07/2016,15,15,20,3,,
6/07/2016,19,17,20,5,,1
7/07/2016,17,13,15,12,3,3
8/07/2016,24,11,17,9,1,3
9/07/2016,31,9,16,8,3,4
10/07/2016,38,13,17,5,3,
11/07/2016,17,26,22,3,,
12/07/2016,16,,21,3,,
13/07/2016,22,,20,3,,
14/07/2016,24,,17,7,2,2
15/07/2016,13,,20,9,2,2
16/07/2016,24,,16,8,2,4
17/07/2016,54,12,16,6,2,
18/07/2016,19,15,16,8,1,1
19/07/2016,12,18,18,12,2,2
20/07/2016,29,15,10,12,1,6
21/07/2016,52,6,19,5,2,2
23/07/2016,23,6,19,4,,
24/07/2016,19,17,22,3,,
25/07/2016,17,12,20,6,2,2
26/07/2016,28,12,22,3,,1
27/07/2016,27,10,20,3,,2
28/07/2016,16,9,18,5,,1
29/07/2016,12,7,15,7,1,2
30/07/2016,22,16,20,6,7,2
31/07/2016,23,10,17,7,2,1
1/08/2016,30,13,19,6,,1
2/08/2016,29,9,21,8,,1
3/08/2016,8,13,21,11,2,3
4/08/2016,22,21,16,12,,3
5/08/2016,37,17,10,15,3,4
9/08/2016,20,13,21,6,,
10/08/2016,22,13,21,5,,2
11/08/2016,28,16,18,7,1,1
12/08/2016,24,9,20,4,,1
13/08/2016,16,7,20,3,,
14/08/2016,14,10,18,9,,1
15/08/2016,16,20,16,10,2,2
16/08/2016,27,14,21,9,2,2
17/08/2016,17,18,18,7,2,4
18/08/2016,25,12,17,8,1,1
19/08/2016,15,8,22,3,,1
20/08/2016,30,4,22,3,,
21/08/2016,10,8,17,11,2,2
22/08/2016,16,11,22,12,2,1
23/08/2016,27,6,21,7,,1
24/08/2016,19,8,20,5,,
25/08/2016,17,10,19,5,,
26/08/2016,17,9,21,4,,
27/08/2016,16,11,19,7,,2
28/08/2016,16,16,17,9,2,4
29/08/2016,39,7,14,7,2,1
30/08/2016,18,8,17,7,2,1
31/08/2016,19,7,19,7,,2
1/09/2016,13,9,22,6,,1
2/09/2016,19,5,20,3,,
3/09/2016,18,9,19,3,,
4/09/2016,12,11,19,7,,
5/09/2016,16,16,17,8,2,1
6/09/2016,23,13,21,8,1,1
7/09/2016,25,25,24,4,2,
8/09/2016,24,7,18,9,1,
9/09/2016,20,9,21,5,,
10/09/2016,24,5,19,3,,
11/09/2016,17,5,20,3,,
12/09/2016,4,7,17,5,2,
13/09/2016,9,5,18,4,2,
14/09/2016,15,9,19,4,1,
15/09/2016,18,9,20,6,,
16/09/2016,18,8,20,3,2,
17/09/2016,8,6,19,2,,
18/09/2016,15,7,18,5,,
19/09/2016,16,9,18,5,2,
20/09/2016,17,12,21,6,2,1
21/09/2016,12,8,20,5,,1
22/09/2016,23,14,21,8,1,2
23/09/2016,17,,19,6,2,2
24/09/2016,26,,20,4,1,1
25/09/2016,20,9,19,5,,1
26/09/2016,18,10,18,7,1,2
27/09/2016,12,8,19,5,,2
28/09/2016,25,6,19,4,,1
29/09/2016,9,5,19,6,,2
30/09/2016,12,4,18,3,,2
1/04/2016,31,19,16,2,,
2/04/2016,30,20,16,5,,
3/04/2016,29,22,18,8,3,1
4/04/2016,27,51,20,9,4,1
5/04/2016,42,9,14,5,,1
6/04/2016,36,10,14,6,,
7/04/2016,24,,15,8,,
30/04/2016,27,6,19,2,,
1/05/2016,22,17,17,6,1,
2/05/2016,27,47,17,4,,
3/05/2016,15,16,17,6,,
4/05/2016,35,22,15,9,3,
5/05/2016,23,18,17,6,2,
6/05/2016,23,20,17,13,1,2
7/05/2016,34,16,16,10,,2
8/05/2016,43,5,15,6,3,1
9/05/2016,29,14,19,4,1,
10/05/2016,40,8,18,3,,
11/05/2016,35,6,15,3,,
12/05/2016,5,16,19,5,,
13/05/2016,28,15,20,7,3,1
14/05/2016,35,15,19,5,1,
15/05/2016,29,25,17,10,3,1
16/05/2016,34,17,19,6,,2
17/05/2016,30,16,16,11,1,1
18/05/2016,37,10,18,3,,2
19/05/2016,14,17,15,11,2,3
20/05/2016,17,14,14,10,1,3
21/05/2016,41,19,19,6,4,
22/05/2016,34,11,21,5,,2
23/05/2016,37,18,17,9,3,3
24/05/2016,26,12,12,12,1,6
25/05/2016,37,5,16,8,1,
26/05/2016,12,15,16,8,3,
27/05/2016,24,10,19,6,,
28/05/2016,34,11,20,7,1,
29/05/2016,25,19,17,13,3,6
30/05/2016,37,28,10,16,2,5
31/05/2016,54,28,5,17,3,7
1/06/2016,64,24,2,18,2,7
2/06/2016,65,22,10,17,3,5
3/06/2016,62,8,9,10,1,2
4/06/2016,28,7,14,7,,1
5/06/2016,26,12,13,12,2,4
6/06/2016,47,4,18,3,,1
7/06/2016,14,4,18,7,2,2
8/06/2016,8,6,17,6,,1
9/06/2016,9,11,19,5,,
10/06/2016,21,9,20,4,,
11/06/2016,22,11,19,4,,2
12/06/2016,31,13,16,9,2,3
13/06/2016,38,17,14,13,2,3
14/06/2016,46,13,10,13,2,4
15/06/2016,33,6,11,11,1,4
16/06/2016,48,5,13,10,,2
17/06/2016,14,13,22,9,,2
18/06/2016,26,13,15,7,5,4
19/06/2016,38,11,20,5,,1
20/06/2016,19,9,14,6,,1
21/06/2016,19,12,20,4,,1
22/06/2016,17,12,18,5,1,1
23/06/2016,16,5,19,5,,1
24/06/2016,19,10,18,6,1,2
25/06/2016,16,8,18,7,,1
26/06/2016,34,12,13,8,,2
27/06/2016,26,14,17,10,,2
28/06/2016,24,15,15,9,,2
29/06/2016,22,7,18,5,1,1
30/06/2016,23,10,19,5,,1
4/01/2016,29,13,18,1,1,
5/01/2016,25,19,12,1,,
6/01/2016,28,13,12,1,,
7/01/2016,30,16,12,1,,
8/01/2016,24,15,11,1,,
9/01/2016,21,21,19,2,,
10/01/2016,16,29,29,6,1,2
11/01/2016,26,11,16,3,,1
12/01/2016,25,30,27,7,1,2
13/01/2016,28,16,11,1,,2
14/01/2016,44,16,11,2,,1
15/01/2016,31,20,19,3,,
16/01/2016,23,18,33,3,2,2
17/01/2016,27,30,29,6,1,1
18/01/2016,37,20,22,3,2,1
19/01/2016,44,12,24,4,,1
20/01/2016,36,9,15,1,,
21/01/2016,14,11,12,5,,
22/01/2016,37,5,10,1,,
23/01/2016,31,3,7,2,,
24/01/2016,13,17,15,1,,
25/01/2016,13,29,18,1,,2
26/01/2016,76,11,25,4,1,1
27/01/2016,50,13,19,7,,9
28/01/2016,32,6,12,,,
29/01/2016,31,10,19,,1,1
30/01/2016,9,6,22,,,
31/01/2016,13,14,25,3,,2
1/02/2016,13,23,30,7,1,2
2/02/2016,23,15,23,3,1,1
3/02/2016,43,29,12,2,,
4/02/2016,43,28,16,2,1,2
5/02/2016,40,23,32,5,1,1
6/02/2016,25,21,22,6,,1
7/02/2016,31,15,13,3,,1
8/02/2016,36,15,10,2,,1
9/02/2016,26,17,11,4,,
10/02/2016,26,15,10,3,,2
11/02/2016,21,24,15,6,1,1
12/02/2016,26,20,19,5,1,1
13/02/2016,44,19,13,1,,1
14/02/2016,35,23,14,2,,
15/02/2016,23,18,12,2,,
16/02/2016,25,12,9,1,,1
17/02/2016,15,9,8,2,,1
18/02/2016,11,14,11,3,,
19/02/2016,15,13,12,1,,
20/02/2016,30,16,18,4,2,2
21/02/2016,21,29,16,9,1,1
22/02/2016,26,40,32,11,2,2
23/02/2016,42,25,19,9,2,1
24/02/2016,37,7,21,5,,2
25/02/2016,10,8,11,3,,1
26/02/2016,18,2,12,3,,
27/02/2016,23,4,13,1,,
28/02/2016,23,10,18,2,1,
29/02/2016,12,21,33,6,1,2
1/03/2016,19,26,23,9,2,2
2/03/2016,45,13,13,3,,1
3/03/2016,26,24,30,7,1,2
4/03/2016,29,17,20,2,,1
5/03/2016,51,46,12,2,,1
6/03/2016,23,17,13,3,,2
7/03/2016,16,32,32,5,,2
8/03/2016,34,28,19,6,,1
9/03/2016,59,11,10,3,,
10/03/2016,33,8,21,5,,2
11/03/2016,21,5,17,2,,1
12/03/2016,20,7,16,1,,
13/03/2016,13,6,12,1,,
14/03/2016,15,26,15,2,2,
16/03/2016,28,26,26,7,1,1
17/03/2016,24,14,17,3,,1
18/03/2016,25,12,15,2,,
19/03/2016,23,13,18,3,2,
20/03/2016,21,14,17,5,2,
21/03/2016,19,15,15,7,1,1
22/03/2016,19,22,24,8,1,1
23/03/2016,22,15,14,4,,1
24/03/2016,25,11,16,3,,
25/03/2016,26,7,13,2,,
26/03/2016,13,12,16,1,,
27/03/2016,20,11,17,2,,
28/03/2016,22,9,16,2,,
29/03/2016,11,10,17,6,,
30/03/2016,12,21,16,6,,
31/03/2016,12,47,17,9,,1
5/10/2015,46,35,28,11,3,2
6/10/2015,39,63,29,5,,1
7/10/2015,48,26,21,6,1,
8/10/2015,36,25,22,7,2,1
9/10/2015,39,34,32,12,1,2
10/10/2015,58,31,32,11,4,2
11/10/2015,53,41,26,3,1,1
12/10/2015,32,9,20,3,,
13/10/2015,19,20,21,8,1,
14/10/2015,30,17,27,8,1,2
15/10/2015,48,47,26,12,2,2
16/10/2015,45,50,21,9,2,1
17/10/2015,41,37,21,4,,
18/10/2015,38,35,20,3,,
19/10/2015,47,34,26,17,2,2
20/10/2015,51,36,29,,1,2
21/10/2015,41,19,23,,,1
22/10/2015,27,13,18,,,
23/10/2015,18,10,19,,,
24/10/2015,20,9,22,,,
25/10/2015,30,27,31,,2,2
26/10/2015,38,16,20,,,1
27/10/2015,34,21,22,,1,
28/10/2015,36,20,32,,2,1
29/10/2015,36,18,24,,2,
30/10/2015,37,21,23,,,1
31/10/2015,28,11,29,,,
1/11/2015,25,8,26,,,1
2/11/2015,19,7,18,,,
3/11/2015,19,15,21,,,
4/11/2015,23,10,21,,2,
5/11/2015,20,7,21,,,2
6/11/2015,18,6,17,,,1
7/11/2015,12,12,17,,,
8/11/2015,23,17,27,,1,
9/11/2015,35,25,38,3,2,2
10/11/2015,38,10,17,2,,1
11/11/2015,25,15,16,4,1,
12/11/2015,32,13,20,3,,
13/11/2015,24,9,16,2,,
14/11/2015,16,8,16,2,,
15/11/2015,24,84,16,1,,2
16/11/2015,32,15,25,4,2,
17/11/2015,31,30,27,8,,1
18/11/2015,31,16,22,4,,
19/11/2015,37,25,24,4,,2
20/11/2015,35,10,15,4,,1
21/11/2015,23,10,17,2,,
22/11/2015,17,7,17,1,,
23/11/2015,11,7,13,2,,
24/11/2015,14,15,16,3,,
29/11/2015,5,17,14,4,,
30/11/2015,32,50,21,6,1,1
1/12/2015,33,14,15,2,,1
2/12/2015,23,14,14,1,,
3/12/2015,22,9,15,2,,
4/12/2015,22,19,21,4,1,
5/12/2015,29,11,16,2,,
6/12/2015,44,24,18,3,,
7/12/2015,50,39,13,5,,
8/12/2015,36,21,32,6,,2
9/12/2015,37,19,17,3,,1
10/12/2015,26,18,19,6,,
11/12/2015,20,23,13,2,,
12/12/2015,25,14,13,2,,
13/12/2015,22,16,22,5,1,1
14/12/2015,22,22,16,5,1,
15/12/2015,28,21,20,2,4,
16/12/2015,38,26,19,2,,
17/12/2015,43,27,45,7,,2
18/12/2015,44,25,24,6,2,1
19/12/2015,29,38,30,3,1,2
20/12/2015,47,22,27,3,,2
21/12/2015,35,14,12,1,,
22/12/2015,24,20,18,2,2,
23/12/2015,30,22,17,3,4,1
24/12/2015,33,19,42,4,2,2
25/12/2015,35,21,32,2,1,1
26/12/2015,33,13,18,1,,1
27/12/2015,26,9,11,2,,
28/12/2015,19,9,11,5,,
29/12/2015,16,9,13,4,,
30/12/2015,20,21,34,6,2,2
9/07/2015,55,1,8,1,7,146
10/07/2015,36,1,13,1,5,172
11/07/2015,24,1,8,1,7,155
12/07/2015,45,2,20,3,12,208
13/07/2015,38,10,20,5,,
14/07/2015,37,9,18,5,1,1
15/07/2015,23,10,18,7,,1
16/07/2015,29,11,23,3,2,1
17/07/2015,23,14,22,8,1,2
18/07/2015,38,13,18,7,,2
19/07/2015,38,23,12,15,2,3
20/07/2015,47,15,17,8,1,2
21/07/2015,47,14,17,8,1,2
22/07/2015,26,16,13,10,2,2
23/07/2015,43,9,15,6,1,1
24/07/2015,29,11,21,2,,
25/07/2015,25,8,23,1,,
26/07/2015,28,9,18,3,,
27/07/2015,25,7,17,3,,
28/07/2015,21,12,15,10,2,2
29/07/2015,23,13,21,9,1,1
30/07/2015,28,13,19,6,2,
31/07/2015,27,15,21,3,1,
1/08/2015,29,12,21,1,,1
2/08/2015,33,12,21,3,3,
3/08/2015,26,9,21,3,,1
4/08/2015,27,9,21,2,4,
5/08/2015,18,7,18,3,8,2
6/08/2015,23,6,17,6,1,1
7/08/2015,21,5,19,4,,1
8/08/2015,20,7,17,7,2,1
9/08/2015,21,10,18,4,2,
10/08/2015,20,15,19,4,1,
11/08/2015,27,8,16,5,1,1
12/08/2015,24,12,21,5,,1
13/08/2015,30,10,15,7,,1
14/08/2015,31,8,18,6,2,1
15/08/2015,21,5,19,2,,2
16/08/2015,30,8,21,3,5,
17/08/2015,20,9,19,6,8,2
18/08/2015,22,14,19,12,2,2
19/08/2015,27,12,19,6,1,3
20/08/2015,36,16,19,3,2,
21/08/2015,26,10,19,6,1,1
22/08/2015,26,5,23,1,,1
23/08/2015,21,12,22,2,,
24/08/2015,25,10,23,1,,
25/08/2015,29,12,16,7,1,2
26/08/2015,28,11,21,6,,1
27/08/2015,29,12,18,4,,
28/08/2015,32,11,20,2,,
29/08/2015,33,11,23,2,,
30/08/2015,24,8,21,6,,
31/08/2015,23,16,21,11,,1
1/09/2015,23,13,17,9,,2
2/09/2015,38,12,19,5,,1
3/09/2015,27,16,19,5,,1
4/09/2015,42,12,20,6,,2
5/09/2015,21,6,20,6,,3
6/09/2015,35,7,20,1,,
7/09/2015,29,10,21,4,,
8/09/2015,24,6,20,3,,
9/09/2015,22,9,21,6,,2
10/09/2015,26,21,21,11,2,3
26/06/2015,21,7,16,5,,1
27/06/2015,14,5,18,3,,
28/06/2015,13,9,18,4,,
29/06/2015,31,17,16,9,9,1
30/06/2015,44,17,20,8,2,1
20/02/2021,,11,13,1,,
21/02/2021,,20,12,2,,
22/02/2021,,16,11,4,,
11/07/2020,,14,17,1,,1
31/03/2020,,21,22,8,,1
16/05/2020,,19,19,9,,3
17/05/2020,,22,14,11,,2
31/12/2019,,18,15,4,,
23/01/2020,,22,13,4,,
3/02/2020,,21,13,2,,
8/10/2019,,5,20,4,1,1
2/12/2019,,15,16,1,,1
20/12/2019,,30,16,1,,1
10/07/2019,,14,23,1,1,1
7/08/2019,,7,22,4,,1
8/08/2019,,7,23,2,,
31/12/2018,,15,14,4,1,1
15/02/2019,,23,20,3,1,1
11/03/2019,,17,13,2,,
12/03/2019,,22,14,5,,1
17/03/2019,,3,15,3,,1
18/03/2019,,3,14,2,,
21/03/2019,,3,8,13,,2
23/11/2018,,11,14,2,1,1
25/08/2018,,9,21,3,,2
26/08/2018,,13,22,10,1,1
27/08/2018,,11,19,10,1,2
6/04/2018,,13,18,6,2,1
7/04/2018,,32,25,4,1,3
8/04/2018,,19,16,6,1,1
9/04/2018,,36,11,15,3,3
31/12/2017,,13,16,1,,1
15/12/2017,,17,17,4,,
16/12/2017,,19,18,2,2,
17/12/2017,,26,32,6,2,2
18/12/2017,,53,30,8,1,1
15/07/2017,,7,21,5,1,2
16/07/2017,,7,19,5,4,2
17/07/2017,,7,21,7,2,1
22/07/2017,,9,23,2,1,1
23/07/2017,,10,21,8,,2
24/07/2017,,11,21,6,4,1
9/09/2017,,17,3,18,1,2
24/05/2017,,15,18,7,,2
25/05/2017,,19,19,9,2,2
18/01/2017,,25,17,1,,
7/02/2017,,15,36,5,1,2
8/02/2017,,18,29,3,1,1
9/02/2017,,12,19,1,,
10/02/2017,,14,17,2,,
11/02/2017,,11,14,1,,
12/02/2017,,11,12,1,,
13/02/2017,,10,13,2,,
14/02/2017,,27,23,5,1,1
15/02/2017,,24,13,2,,
16/02/2017,,21,15,1,,
17/02/2017,,2,15,1,,
18/02/2017,,3,12,1,,
19/02/2017,,4,13,1,,
20/02/2017,,4,19,4,,
21/02/2017,,5,26,7,1,1
22/02/2017,,8,21,4,,
23/02/2017,,16,15,2,,
1/03/2017,,4,20,2,2,
2/03/2017,,13,15,1,1,
3/03/2017,,10,18,2,1,
4/03/2017,,18,15,1,,1
5/03/2017,,11,18,1,,
6/03/2017,,7,18,1,1,
20/03/2017,,16,16,5,,
15/10/2016,,12,22,2,1,
16/10/2016,,9,18,3,,
17/10/2016,,7,19,3,,
18/10/2016,,12,18,4,,2
17/12/2016,,13,14,1,,
18/12/2016,,29,22,6,7,1
19/12/2016,,15,16,3,4,1
20/12/2016,,17,12,2,,
21/12/2016,,7,10,1,,
22/12/2016,,15,27,4,2,1
23/12/2016,,15,29,3,2,1
22/07/2016,,8,23,2,,
6/08/2016,,17,16,15,1,5
7/08/2016,,14,14,12,3,4
8/08/2016,,21,17,5,2,1
14/04/2016,,23,23,11,,2
15/04/2016,,15,17,6,,1
16/04/2016,,14,19,2,,
17/04/2016,,28,19,13,3,1
18/04/2016,,34,22,17,4,3
19/04/2016,,39,25,13,3,2
20/04/2016,,29,20,11,,1
21/04/2016,,13,17,4,,1
22/04/2016,,9,16,5,,
23/04/2016,,12,19,7,,1
24/04/2016,,18,25,9,2,2
25/04/2016,,35,24,13,3,2
26/04/2016,,39,19,7,6,1
27/04/2016,,28,11,12,2,3
28/04/2016,,15,6,14,2,2
29/04/2016,,10,18,7,2,4
3/01/2016,,14,15,2,2,1
15/03/2016,,18,26,6,,2
1/10/2015,,13,24,6,1,2
2/10/2015,,33,27,5,1,1
3/10/2015,,26,24,3,,1
4/10/2015,,26,22,3,,1
25/11/2015,,79,23,5,1,1
26/11/2015,,17,15,1,,
27/11/2015,,15,14,2,,
28/11/2015,,2,16,2,,
8/07/2015,,1,9,1,14,130
11/09/2015,,10,20,6,1,2
12/09/2015,,10,24,5,1,1
13/09/2015,,32,26,3,4,1
14/09/2015,,7,20,2,,1
15/09/2015,,6,16,5,,
16/09/2015,,7,17,4,,
17/09/2015,,9,19,5,1,
18/09/2015,,15,21,8,1,2
19/09/2015,,16,22,7,2,1
20/09/2015,,14,19,4,,1
21/09/2015,,11,21,2,,
22/09/2015,,11,21,2,,
23/09/2015,,10,19,3,,
24/09/2015,,14,19,7,,1
25/09/2015,,11,19,4,1,
26/09/2015,,15,22,3,2,1
27/09/2015,,14,20,4,1,
28/09/2015,,15,19,4,,
29/09/2015,,12,20,7,1,2
30/09/2015,,20,21,6,1,2
1/04/2015,,46,17,2,4,2
2/04/2015,,21,17,1,1,
3/04/2015,,15,31,6,2,1
4/04/2015,,23,19,3,5,1
5/04/2015,,17,20,2,4,1
6/04/2015,,7,16,1,1,
7/04/2015,,10,16,3,1,
8/04/2015,,10,16,1,,
9/04/2015,,19,18,5,1,1
10/04/2015,,17,16,8,1,1
11/04/2015,,14,21,4,2,1
12/04/2015,,12,18,3,,
13/04/2015,,25,16,9,1,1
14/04/2015,,25,21,14,1,2
15/04/2015,,20,26,6,3,1
16/04/2015,,14,19,3,4,1
17/04/2015,,36,14,11,2,4
18/04/2015,,8,18,2,,1
19/04/2015,,12,18,1,,
20/04/2015,,8,18,4,,
21/04/2015,,12,18,2,,
22/04/2015,,19,16,5,1,2
23/04/2015,,9,16,2,,
24/04/2015,,14,14,4,,
25/04/2015,,8,17,1,3,
26/04/2015,,6,17,1,4,
27/04/2015,,7,15,4,8,
28/04/2015,,8,17,4,1,
29/04/2015,,9,18,8,3,2
30/04/2015,,19,14,13,1,2
1/05/2015,,19,14,14,1,3
2/05/2015,,15,17,7,1,1
3/05/2015,,11,15,6,1,1
4/05/2015,,22,18,9,1,3
5/05/2015,,16,21,2,1,
6/05/2015,,17,19,2,,
7/05/2015,,12,18,2,,
8/05/2015,,9,18,2,1,
9/05/2015,,8,18,1,,
10/05/2015,,9,22,1,,
11/05/2015,,14,18,2,,
12/05/2015,,10,21,1,,
13/05/2015,,12,19,2,,
14/05/2015,,14,16,3,10,
15/05/2015,,8,15,6,1,2
16/05/2015,,13,19,8,,1
17/05/2015,,20,17,11,1,3
18/05/2015,,21,12,14,1,3
19/05/2015,,11,11,8,,1
20/05/2015,,9,21,5,9,1
21/05/2015,,13,18,3,16,
22/05/2015,,15,19,5,1,
23/05/2015,,11,20,1,,
24/05/2015,,19,15,10,1,3
25/05/2015,,31,12,17,1,4
26/05/2015,,23,7,16,2,4
27/05/2015,,15,13,7,1,1
28/05/2015,,23,18,4,,
29/05/2015,,14,18,7,,2
30/05/2015,,11,18,3,,1
31/05/2015,,7,21,1,4,
1/06/2015,,9,18,4,5,
2/06/2015,,7,17,5,9,
3/06/2015,,6,13,9,5,2
5/06/2015,,14,11,12,2,3
6/06/2015,,2,17,3,,4
7/06/2015,,1,17,2,1,
8/06/2015,,5,20,1,,
9/06/2015,,11,19,3,,
10/06/2015,,11,20,6,1,
11/06/2015,,10,17,11,1,1
12/06/2015,,20,11,16,1,3
13/06/2015,,23,9,16,2,7
14/06/2015,,18,11,11,1,5
15/06/2015,,20,6,12,1,3
16/06/2015,,11,5,10,,2
17/06/2015,,8,18,5,1,2
18/06/2015,,18,21,2,,
19/06/2015,,10,16,9,2,1
20/06/2015,,9,13,8,1,2
21/06/2015,,7,16,4,1,2
22/06/2015,,6,17,6,1,
23/06/2015,,5,17,4,2,
24/06/2015,,7,20,7,1,2
25/06/2015,,8,17,5,,2
1/01/2015,,14,34,6,2,2
2/01/2015,,17,32,12,2,
3/01/2015,,46,13,2,6,1
4/01/2015,,17,13,3,1,
5/01/2015,,17,17,2,,2
6/01/2015,,23,36,5,,2
7/01/2015,,24,22,6,,1
8/01/2015,,13,12,1,,1
9/01/2015,,11,12,1,,
10/01/2015,,13,16,1,,
11/01/2015,,15,23,3,2,2
12/01/2015,,17,17,4,,1
13/01/2015,,10,14,1,,1
14/01/2015,,8,9,2,3,
15/01/2015,,9,12,3,,
16/01/2015,,22,15,1,,
17/01/2015,,17,13,1,1,
18/01/2015,,20,14,2,,
19/01/2015,,19,24,6,,1
20/01/2015,,19,39,4,3,2
21/01/2015,,25,37,4,4,1
22/01/2015,,26,14,4,2,1
23/01/2015,,20,18,3,1,
24/01/2015,,27,13,2,,
25/01/2015,,11,12,2,5,
26/01/2015,,11,12,4,1,
27/01/2015,,12,14,5,,
28/01/2015,,20,12,2,,
29/01/2015,,14,13,4,2,
30/01/2015,,12,12,2,4,
31/01/2015,,13,13,1,1,
1/02/2015,,10,12,2,,
2/02/2015,,14,12,2,2,
3/02/2015,,15,14,1,2,
4/02/2015,,17,14,2,3,
5/02/2015,,22,33,7,2,2
6/02/2015,,33,26,,,1
7/02/2015,,24,,,,
9/02/2015,,29,28,,1,2
10/02/2015,,29,19,5,5,1
11/02/2015,,30,15,2,,
12/02/2015,,20,23,6,,2
13/02/2015,,21,24,4,,1
14/02/2015,,6,34,4,,2
15/02/2015,,14,16,2,2,1
16/02/2015,,16,14,1,,
17/02/2015,,9,13,2,,
18/02/2015,,9,23,2,2,1
19/02/2015,,15,19,4,2,1
20/02/2015,,12,42,4,1,2
21/02/2015,,23,33,4,,1
22/02/2015,,15,13,8,5,
23/02/2015,,15,14,1,,
24/02/2015,,17,21,3,1,1
25/02/2015,,16,15,3,3,
26/02/2015,,13,14,3,4,
27/02/2015,,11,24,4,1,1
28/02/2015,,13,13,2,4,
1/03/2015,,9,18,7,2,
2/03/2015,,17,16,7,2,
3/03/2015,,13,15,4,,
4/03/2015,,15,14,2,4,
5/03/2015,,17,12,2,5,
6/03/2015,,11,12,2,,
7/03/2015,,9,15,2,,
8/03/2015,,9,16,2,1,
9/03/2015,,11,19,4,2,
10/03/2015,,18,19,7,2,
11/03/2015,,21,18,3,2,
12/03/2015,,14,18,3,2,
13/03/2015,,10,22,5,1,2
14/03/2015,,29,18,1,,1
15/03/2015,,71,20,8,2,
16/03/2015,,24,19,7,2,1
17/03/2015,,31,17,4,,1
18/03/2015,,8,19,5,,1
19/03/2015,,22,16,3,2,
20/03/2015,,21,17,6,1,
21/03/2015,,18,27,6,3,
22/03/2015,,23,18,9,3,2
23/03/2015,,27,17,3,6,1
24/03/2015,,10,20,5,1,
25/03/2015,,15,17,2,,
26/03/2015,,21,16,2,5,
27/03/2015,,9,15,4,1,
28/03/2015,,6,20,5,,1
29/03/2015,,8,17,7,1,1
30/03/2015,,8,19,9,2,1
31/03/2015,,27,27,12,3,2
1/10/2014,,13,16,3,3,
2/10/2014,,13,19,5,4,
3/10/2014,,12,21,7,1,
4/10/2014,,24,20,1,2,
5/10/2014,,17,22,9,2,
6/10/2014,,24,17,2,,
7/10/2014,,13,15,3,,
8/10/2014,,13,19,5,,
9/10/2014,,17,17,11,,
10/10/2014,,25,20,2,,
11/10/2014,,12,19,5,,
12/10/2014,,19,16,2,,
13/10/2014,,11,17,2,,
14/10/2014,,11,19,6,,
15/10/2014,,15,14,4,,
16/10/2014,,11,18,7,,
17/10/2014,,48,20,10,,1
18/10/2014,,51,21,3,2,
19/10/2014,,30,18,1,,
20/10/2014,,26,23,7,2,1
21/10/2014,,27,30,8,,
22/10/2014,,41,19,2,,
23/10/2014,,24,24,4,1,
24/10/2014,,24,21,1,,
25/10/2014,,9,23,3,,2
26/10/2014,,35,18,3,,
27/10/2014,,17,18,1,,
28/10/2014,,24,15,4,,
29/10/2014,,24,20,3,,
30/10/2014,,15,26,8,,
31/10/2014,,34,20,1,,
1/11/2014,,12,17,1,2,
2/11/2014,,10,22,5,1,
3/11/2014,,21,25,5,,
4/11/2014,,22,17,2,3,
5/11/2014,,20,20,3,1,
6/11/2014,,17,31,9,4,2
7/11/2014,,26,27,2,2,1
8/11/2014,,36,19,2,3,
9/11/2014,,14,16,2,,
10/11/2014,,21,19,4,,
11/11/2014,,23,24,6,3,
12/11/2014,,31,37,8,3,2
13/11/2014,,32,21,4,,1
14/11/2014,,24,16,3,,
15/11/2014,,14,17,1,,
16/11/2014,,6,18,2,,
17/11/2014,,16,17,4,1,
18/11/2014,,17,32,6,1,
19/11/2014,,18,24,8,1,2
20/11/2014,,41,18,2,,1
21/11/2014,,13,30,7,3,1
22/11/2014,,24,19,2,3,
23/11/2014,,13,14,7,3,
24/11/2014,,17,15,2,,
25/11/2014,,13,14,3,,
26/11/2014,,13,15,1,,
27/11/2014,,15,15,1,,
28/11/2014,,14,23,3,,
29/11/2014,,18,33,4,2,1
30/11/2014,,28,24,3,,
1/12/2014,,20,22,2,,
2/12/2014,,17,19,3,,
3/12/2014,,14,30,4,,1
4/12/2014,,17,19,2,,1
5/12/2014,,9,16,1,,
6/12/2014,,9,15,,,
7/12/2014,,8,14,1,,
8/12/2014,,7,15,4,,
9/12/2014,,10,15,4,,
10/12/2014,,16,13,1,,
11/12/2014,,20,16,2,2,
12/12/2014,,17,32,3,1,2
13/12/2014,,15,20,3,1,1
14/12/2014,,18,16,3,,
15/12/2014,,20,19,2,,
16/12/2014,,39,13,2,,
17/12/2014,,16,14,5,,
18/12/2014,,21,11,2,4,
19/12/2014,,9,14,3,1,
20/12/2014,,6,29,3,1,2
21/12/2014,,11,16,2,,1
22/12/2014,,13,19,3,2,
23/12/2014,,18,12,3,4,
24/12/2014,,10,15,1,2,
25/12/2014,,10,11,2,2,
26/12/2014,,11,14,3,4,
27/12/2014,,10,30,3,2,2
28/12/2014,,18,,,,
1/07/2014,,12,17,6,,2
2/07/2014,,13,17,8,2,1
3/07/2014,,18,18,4,1,
4/07/2014,,14,20,1,,
5/07/2014,,6,19,3,1,
6/07/2014,,5,16,6,1,
7/07/2014,,6,17,3,5,
8/07/2014,,8,16,5,1,
9/07/2014,,6,18,2,,
10/07/2014,,8,19,5,1,
11/07/2014,,10,21,2,3,
12/07/2014,,7,18,2,5,
13/07/2014,,7,14,10,3,2
14/07/2014,,8,11,6,4,1
15/07/2014,,6,17,6,2,
16/07/2014,,9,22,2,,
17/07/2014,,10,20,4,4,
18/07/2014,,10,19,6,4,3
19/07/2014,,9,17,6,4,2
20/07/2014,,8,10,14,4,4
21/07/2014,,23,6,16,5,6
22/07/2014,,26,2,17,6,6
23/07/2014,,28,6,15,2,8
24/07/2014,,15,11,8,3,1
25/07/2014,,10,18,2,,1
26/07/2014,,8,17,5,2,
27/07/2014,,7,17,5,2,
28/07/2014,,15,20,3,,
29/07/2014,,23,20,5,,
30/07/2014,,8,23,2,,
31/07/2014,,15,22,3,,
1/08/2014,,7,20,6,2,3
2/08/2014,,14,21,8,1,4
3/08/2014,,12,18,7,,2
4/08/2014,,15,19,4,,2
5/08/2014,,10,18,5,,1
6/08/2014,,8,19,5,,2
7/08/2014,,8,16,12,,2
8/08/2014,,15,16,8,1,4
9/08/2014,,12,20,2,2,
10/08/2014,,9,20,6,2,
11/08/2014,,12,18,8,,
12/08/2014,,8,18,8,4,1
13/08/2014,,15,19,11,2,2
14/08/2014,,21,,14,2,5
15/08/2014,,29,,10,2,3
16/08/2014,,21,,9,,4
17/08/2014,,20,,2,,1
18/08/2014,,9,20,3,,
19/08/2014,,7,23,10,2,2
20/08/2014,,11,13,13,2,3
21/08/2014,,25,12,13,2,5
22/08/2014,,28,,,,
24/08/2014,,10,21,3,1,1
25/08/2014,,9,19,9,3,2
26/08/2014,,13,17,7,5,1
27/08/2014,,15,15,12,2,2
28/08/2014,,20,19,10,4,2
29/08/2014,,22,22,13,4,3
30/08/2014,,22,23,7,1,4
31/08/2014,,18,18,8,5,1
1/09/2014,,12,22,5,,
2/09/2014,,12,24,7,1,2
3/09/2014,,15,20,10,,2
4/09/2014,,16,21,10,2,2
5/09/2014,,20,21,9,3,2
6/09/2014,,17,22,6,2,2
7/09/2014,,10,23,3,2,
8/09/2014,,14,21,4,3,
9/09/2014,,17,21,4,1,
10/09/2014,,21,22,2,,
11/09/2014,,15,21,7,2,3
12/09/2014,,25,24,7,1,3
13/09/2014,,15,23,3,3,1
14/09/2014,,12,18,7,2,1
15/09/2014,,13,19,6,8,
16/09/2014,,16,21,2,,
17/09/2014,,11,21,4,3,
18/09/2014,,14,19,4,6,
19/09/2014,,13,22,2,5,
20/09/2014,,8,23,7,,1
21/09/2014,,8,24,11,1,2
22/09/2014,,15,28,11,2,2
23/09/2014,,21,23,7,3,1
24/09/2014,,15,21,4,3,
25/09/2014,,7,20,6,1,2
26/09/2014,,13,24,4,2,2
27/09/2014,,10,32,2,2,
28/09/2014,,36,23,6,,
29/09/2014,,25,21,4,,
30/09/2014,,29,19,2,2,
1/04/2014,,22,24,5,2,1
2/04/2014,,22,17,3,5,
3/04/2014,,16,18,3,,
4/04/2014,,19,18,3,1,
5/04/2014,,22,17,1,,
6/04/2014,,19,14,7,2,1
7/04/2014,,18,9,8,3,1
8/04/2014,,16,15,9,,2
9/04/2014,,13,13,7,,1
10/04/2014,,6,15,2,,1
11/04/2014,,12,16,1,,
12/04/2014,,14,19,2,,
13/04/2014,,16,20,8,,
14/04/2014,,12,16,5,,
15/04/2014,,17,15,12,5,2
16/04/2014,,18,6,10,1,2
18/04/2014,,7,19,4,3,
19/04/2014,,5,20,5,,
20/04/2014,,6,20,2,1,
21/04/2014,,14,14,6,1,
22/04/2014,,12,15,7,1,2
23/04/2014,,10,18,7,1,1
24/04/2014,,19,19,6,7,1
25/04/2014,,17,19,2,4,
26/04/2014,,16,20,3,,
27/04/2014,,15,18,9,3,1
28/04/2014,,23,17,6,2,1
29/04/2014,,13,17,7,1,2
30/04/2014,,12,17,6,1,1
1/05/2014,,13,14,9,1,2
2/05/2014,,9,20,3,1,1
3/05/2014,,9,17,1,1,1
4/05/2014,,7,15,4,,
5/05/2014,,11,17,4,8,
6/05/2014,,15,19,6,,2
7/05/2014,,15,11,13,2,3
8/05/2014,,22,13,8,,1
9/05/2014,,14,14,6,1,2
10/05/2014,,13,16,4,,1
11/05/2014,,12,13,9,5,2
12/05/2014,,15,15,13,1,3
13/05/2014,,23,14,15,1,3
14/05/2014,,27,16,7,2,1
15/05/2014,,25,15,8,2,2
16/05/2014,,25,16,6,2,2
17/05/2014,,19,14,6,2,1
18/05/2014,,18,13,8,2,1
19/05/2014,,20,14,6,,
20/05/2014,,11,9,11,1,2
21/05/2014,,17,12,8,2,1
22/05/2014,,18,16,3,,1
23/05/2014,,8,16,5,1,2
24/05/2014,,7,15,7,1,1
25/05/2014,,10,8,9,1,2
26/05/2014,,13,14,6,,1
27/05/2014,,9,15,3,,1
28/05/2014,,8,14,9,4,3
29/05/2014,,21,10,12,1,5
30/05/2014,,20,7,11,3,3
31/05/2014,,16,8,5,2,1
1/06/2014,,11,13,7,5,2
2/06/2014,,11,14,3,1,1
3/06/2014,,7,13,7,3,1
4/06/2014,,10,13,9,3,3
5/06/2014,,10,12,6,1,2
6/06/2014,,6,17,2,7,
7/06/2014,,10,23,3,1,
8/06/2014,,6,19,5,1,1
9/06/2014,,7,9,13,9,4
10/06/2014,,18,14,10,1,5
11/06/2014,,19,9,8,2,1
12/06/2014,,8,12,9,2,3
13/06/2014,,14,20,4,,2
14/06/2014,,8,18,2,3,
15/06/2014,,6,19,4,,
16/06/2014,,9,17,4,6,
17/06/2014,,10,14,10,1,2
18/06/2014,,17,11,9,2,1
19/06/2014,,12,11,8,1,1
20/06/2014,,13,10,6,1,2
21/06/2014,,8,14,5,2,3
22/06/2014,,7,22,2,2,
23/06/2014,,10,21,2,,
24/06/2014,,10,20,3,,
25/06/2014,,11,21,6,,2
26/06/2014,,18,16,4,1,1
27/06/2014,,11,23,1,1,
28/06/2014,,5,22,1,,
29/06/2014,,7,17,3,,
30/06/2014,,8,16,3,,
1/01/2014,,15,9,1,,
2/01/2014,,18,12,1,,
3/01/2014,,24,11,1,,
4/01/2014,,18,8,3,,
5/01/2014,,14,10,1,1,
6/01/2014,,13,10,,2,
7/01/2014,,14,9,2,1,
8/01/2014,,12,6,5,,2
9/01/2014,,27,9,5,,1
10/01/2014,,23,16,3,11,1
11/01/2014,,21,8,2,,1
12/01/2014,,22,20,3,1,2
13/01/2014,,30,38,7,1,2
14/01/2014,,46,43,7,3,2
15/01/2014,,38,58,9,3,3
16/01/2014,,31,41,6,7,3
17/01/2014,,39,19,2,6,1
18/01/2014,,13,13,,,
19/01/2014,,18,11,1,,
20/01/2014,,16,11,2,10,
21/01/2014,,14,11,1,4,
22/01/2014,,24,21,4,4,2
23/01/2014,,28,16,4,9,1
24/01/2014,,19,12,2,3,
25/01/2014,,15,18,3,2,2
26/01/2014,,20,37,6,3,2
27/01/2014,,20,34,4,5,1
28/01/2014,,34,13,1,,1
29/01/2014,,21,25,2,,2
30/01/2014,,34,16,1,,1
31/01/2014,,24,29,3,,2
1/02/2014,,33,34,5,4,3
2/02/2014,,33,17,8,2,1
3/02/2014,,38,13,,,
4/02/2014,,29,23,2,2,2
5/02/2014,,23,37,6,4,2
6/02/2014,,40,30,5,,2
7/02/2014,,46,35,3,,2
8/02/2014,,37,22,3,2,1
9/02/2014,,52,12,4,1,
10/02/2014,,21,31,4,2,7
11/02/2014,,59,23,6,,4
12/02/2014,,46,32,5,,3
13/02/2014,,43,21,6,,3
14/02/2014,,32,33,2,,2
15/02/2014,,24,11,1,2,1
16/02/2014,,11,15,3,2,
17/02/2014,,14,24,5,2,2
18/02/2014,,26,14,2,1,1
19/02/2014,,14,12,2,,
20/02/2014,,11,14,2,4,
21/02/2014,,17,13,1,3,
22/02/2014,,10,,,,
24/02/2014,,9,7,4,1,
25/02/2014,,6,14,2,5,
26/02/2014,,10,14,2,2,
27/02/2014,,18,19,2,3,
28/02/2014,,20,14,1,,
1/03/2014,,15,12,1,,
2/03/2014,,6,19,5,,1
3/03/2014,,18,28,5,4,2
4/03/2014,,24,17,4,,1
5/03/2014,,19,12,4,,
6/03/2014,,25,15,3,,1
7/03/2014,,18,15,2,,2
8/03/2014,,22,33,5,3,1
9/03/2014,,28,28,5,1,1
10/03/2014,,21,21,8,2,2
11/03/2014,,23,14,3,1,1
12/03/2014,,18,16,5,1,
13/03/2014,,19,22,7,3,1
14/03/2014,,26,17,4,1,1
15/03/2014,,22,16,2,,
16/03/2014,,9,16,3,,
17/03/2014,,11,17,4,,
18/03/2014,,16,17,5,5,
19/03/2014,,22,31,9,6,2
20/03/2014,,26,16,10,2,1
21/03/2014,,23,17,2,2,
22/03/2014,,12,17,3,8,
23/03/2014,,11,14,4,2,
24/03/2014,,8,14,3,1,
25/03/2014,,15,14,4,,
26/03/2014,,17,9,6,,2
27/03/2014,,8,17,4,,1
28/03/2014,,9,18,5,,2
29/03/2014,,12,21,4,,
30/03/2014,,13,27,8,3,3
31/03/2014,,16,26,8,2,2
22/01/2020,,,17,4,,
16/03/2019,,,24,3,1,1
24/02/2017,,,15,1,,
25/02/2017,,,22,2,,
26/02/2017,,,38,7,1,1
27/02/2017,,,37,10,3,2
28/02/2017,,,28,6,1,2
7/03/2017,,,35,6,1,1
8/04/2016,,,16,5,,
9/04/2016,,,17,3,,
10/04/2016,,,13,4,,
11/04/2016,,,16,4,,
12/04/2016,,,17,6,1,1
13/04/2016,,,16,9,,2
31/12/2014,,,16,1,2,1
8/02/2015,,,14,,2,1
23/08/2014,,,19,1,,
17/04/2014,,,18,2,5,1
31/12/2013,,,4,7,,1
23/02/2014,,,9,1,,
